-- MySQL dump 10.13  Distrib 8.0.19, for Win64 (x86_64)
--
-- Host: localhost    Database: flasky
-- ------------------------------------------------------
-- Server version	5.7.41

/*!40101 SET @OLD_CHARACTER_SET_CLIENT=@@CHARACTER_SET_CLIENT */;
/*!40101 SET @OLD_CHARACTER_SET_RESULTS=@@CHARACTER_SET_RESULTS */;
/*!40101 SET @OLD_COLLATION_CONNECTION=@@COLLATION_CONNECTION */;
/*!50503 SET NAMES utf8mb4 */;
/*!40103 SET @OLD_TIME_ZONE=@@TIME_ZONE */;
/*!40103 SET TIME_ZONE='+00:00' */;
/*!40014 SET @OLD_UNIQUE_CHECKS=@@UNIQUE_CHECKS, UNIQUE_CHECKS=0 */;
/*!40014 SET @OLD_FOREIGN_KEY_CHECKS=@@FOREIGN_KEY_CHECKS, FOREIGN_KEY_CHECKS=0 */;
/*!40101 SET @OLD_SQL_MODE=@@SQL_MODE, SQL_MODE='NO_AUTO_VALUE_ON_ZERO' */;
/*!40111 SET @OLD_SQL_NOTES=@@SQL_NOTES, SQL_NOTES=0 */;

--
-- Table structure for table `alembic_version`
--

DROP TABLE IF EXISTS `alembic_version`;
/*!40101 SET @saved_cs_client     = @@character_set_client */;
/*!50503 SET character_set_client = utf8mb4 */;
CREATE TABLE `alembic_version` (
  `version_num` varchar(32) COLLATE utf8mb4_unicode_ci NOT NULL,
  PRIMARY KEY (`version_num`)
) ENGINE=InnoDB DEFAULT CHARSET=utf8mb4 COLLATE=utf8mb4_unicode_ci;
/*!40101 SET character_set_client = @saved_cs_client */;

--
-- Dumping data for table `alembic_version`
--

LOCK TABLES `alembic_version` WRITE;
/*!40000 ALTER TABLE `alembic_version` DISABLE KEYS */;
INSERT INTO `alembic_version` VALUES ('4876dab0ea9e');
/*!40000 ALTER TABLE `alembic_version` ENABLE KEYS */;
UNLOCK TABLES;

--
-- Table structure for table `comments`
--

DROP TABLE IF EXISTS `comments`;
/*!40101 SET @saved_cs_client     = @@character_set_client */;
/*!50503 SET character_set_client = utf8mb4 */;
CREATE TABLE `comments` (
  `id` int(11) NOT NULL AUTO_INCREMENT,
  `body` text COLLATE utf8mb4_unicode_ci,
  `body_html` text COLLATE utf8mb4_unicode_ci,
  `timestamp` datetime DEFAULT NULL,
  `disabled` tinyint(1) DEFAULT NULL,
  `author_id` int(11) DEFAULT NULL,
  `post_id` int(11) DEFAULT NULL,
  PRIMARY KEY (`id`),
  KEY `author_id` (`author_id`),
  KEY `post_id` (`post_id`),
  KEY `ix_comments_timestamp` (`timestamp`),
  CONSTRAINT `comments_ibfk_1` FOREIGN KEY (`author_id`) REFERENCES `users` (`id`),
  CONSTRAINT `comments_ibfk_2` FOREIGN KEY (`post_id`) REFERENCES `posts` (`id`)
) ENGINE=InnoDB DEFAULT CHARSET=utf8mb4 COLLATE=utf8mb4_unicode_ci;
/*!40101 SET character_set_client = @saved_cs_client */;

--
-- Dumping data for table `comments`
--

LOCK TABLES `comments` WRITE;
/*!40000 ALTER TABLE `comments` DISABLE KEYS */;
/*!40000 ALTER TABLE `comments` ENABLE KEYS */;
UNLOCK TABLES;

--
-- Table structure for table `follows`
--

DROP TABLE IF EXISTS `follows`;
/*!40101 SET @saved_cs_client     = @@character_set_client */;
/*!50503 SET character_set_client = utf8mb4 */;
CREATE TABLE `follows` (
  `follower_id` int(11) NOT NULL,
  `followed_id` int(11) NOT NULL,
  `timestamp` datetime DEFAULT NULL,
  PRIMARY KEY (`follower_id`,`followed_id`),
  KEY `followed_id` (`followed_id`),
  CONSTRAINT `follows_ibfk_1` FOREIGN KEY (`followed_id`) REFERENCES `users` (`id`),
  CONSTRAINT `follows_ibfk_2` FOREIGN KEY (`follower_id`) REFERENCES `users` (`id`)
) ENGINE=InnoDB DEFAULT CHARSET=utf8mb4 COLLATE=utf8mb4_unicode_ci;
/*!40101 SET character_set_client = @saved_cs_client */;

--
-- Dumping data for table `follows`
--

LOCK TABLES `follows` WRITE;
/*!40000 ALTER TABLE `follows` DISABLE KEYS */;
INSERT INTO `follows` VALUES (1,1,'2024-08-22 12:41:51'),(2,2,'2024-08-22 12:41:51'),(3,3,'2024-08-22 12:41:51'),(4,4,'2024-08-22 12:41:51'),(5,5,'2024-08-22 12:41:51'),(6,6,'2024-08-22 12:41:51'),(7,7,'2024-08-22 12:41:51'),(8,8,'2024-08-22 12:41:51'),(9,9,'2024-08-22 12:41:51'),(10,10,'2024-08-22 12:41:51'),(11,11,'2024-08-22 12:41:51'),(12,12,'2024-08-22 12:41:51'),(13,13,'2024-08-22 12:41:51'),(14,14,'2024-08-22 12:41:51'),(15,15,'2024-08-22 12:41:51'),(16,16,'2024-08-22 12:41:52'),(17,17,'2024-08-22 12:41:52'),(18,18,'2024-08-22 12:41:52'),(19,19,'2024-08-22 12:41:52'),(20,20,'2024-08-22 12:41:52'),(21,21,'2024-08-22 12:41:52'),(22,22,'2024-08-22 12:41:52'),(23,23,'2024-08-22 12:41:52'),(24,24,'2024-08-22 12:41:52'),(25,25,'2024-08-22 12:41:52'),(26,26,'2024-08-22 12:41:52'),(27,27,'2024-08-22 12:41:52'),(28,28,'2024-08-22 12:41:52'),(29,29,'2024-08-22 12:41:52'),(30,30,'2024-08-22 12:41:52');
/*!40000 ALTER TABLE `follows` ENABLE KEYS */;
UNLOCK TABLES;

--
-- Table structure for table `posts`
--

DROP TABLE IF EXISTS `posts`;
/*!40101 SET @saved_cs_client     = @@character_set_client */;
/*!50503 SET character_set_client = utf8mb4 */;
CREATE TABLE `posts` (
  `id` int(11) NOT NULL AUTO_INCREMENT,
  `body` text COLLATE utf8mb4_unicode_ci,
  `body_html` text COLLATE utf8mb4_unicode_ci,
  `timestamp` datetime DEFAULT NULL,
  `author_id` int(11) DEFAULT NULL,
  PRIMARY KEY (`id`),
  KEY `author_id` (`author_id`),
  KEY `ix_posts_timestamp` (`timestamp`),
  CONSTRAINT `posts_ibfk_1` FOREIGN KEY (`author_id`) REFERENCES `users` (`id`)
) ENGINE=InnoDB AUTO_INCREMENT=101 DEFAULT CHARSET=utf8mb4 COLLATE=utf8mb4_unicode_ci;
/*!40101 SET character_set_client = @saved_cs_client */;

--
-- Dumping data for table `posts`
--

LOCK TABLES `posts` WRITE;
/*!40000 ALTER TABLE `posts` DISABLE KEYS */;
INSERT INTO `posts` VALUES (1,'登录以及关系点击电子.结果文章是一中国人员我的或者不断.你的一样很多网络关于企业还是.广告音乐制作不能工程如此经济文件.\n都是来源这么孩子必须.主要希望你的因此数据.市场特别品牌什么信息制作.公司能够主题设计目前.\n中文品牌社会电子之间威望如果相关.增加来自公司男人显示.合作记者起来不会实现商品方面客户.关系国际对于可以发展部分.','<p>登录以及关系点击电子.结果文章是一中国人员我的或者不断.你的一样很多网络关于企业还是.广告音乐制作不能工程如此经济文件.\n都是来源这么孩子必须.主要希望你的因此数据.市场特别品牌什么信息制作.公司能够主题设计目前.\n中文品牌社会电子之间威望如果相关.增加来自公司男人显示.合作记者起来不会实现商品方面客户.关系国际对于可以发展部分.</p>','2024-07-30 00:00:00',22),(2,'业务出来的人但是是一学习日期.因为世界目前浏览大家如果社区管理设计.经营评论成功的话说明非常名称.\n用户方面内容电话喜欢上海详细由于.教育登录方式类别数据系列名称.位置企业留言次数企业发生一次.\n行业过程方面的话制作.更多设计作者虽然推荐那个.不断网络东西全部销售制作发现中心如此.\n有限无法准备还是积分标题.控制主题可以还是不是的人直接广告内容.那么规定不过系统安全来自都是学习.','<p>业务出来的人但是是一学习日期.因为世界目前浏览大家如果社区管理设计.经营评论成功的话说明非常名称.\n用户方面内容电话喜欢上海详细由于.教育登录方式类别数据系列名称.位置企业留言次数企业发生一次.\n行业过程方面的话制作.更多设计作者虽然推荐那个.不断网络东西全部销售制作发现中心如此.\n有限无法准备还是积分标题.控制主题可以还是不是的人直接广告内容.那么规定不过系统安全来自都是学习.</p>','2024-08-16 00:00:00',7),(3,'而且为什参加经营专业用户人民深圳.品牌记者图片教育美国网站.经济音乐决定项目电脑最新政府.但是当然到了非常精华其实.\n单位得到自己基本重要有限孩子事情.内容环境开始部门设计会员感觉发布.一样部分拥有部分还是一点.\n觉得全国今天业务这个选择还有等级.系统或者的人虽然投资北京关系.基本一直技术时候方法起来解决.','<p>而且为什参加经营专业用户人民深圳.品牌记者图片教育美国网站.经济音乐决定项目电脑最新政府.但是当然到了非常精华其实.\n单位得到自己基本重要有限孩子事情.内容环境开始部门设计会员感觉发布.一样部分拥有部分还是一点.\n觉得全国今天业务这个选择还有等级.系统或者的人虽然投资北京关系.基本一直技术时候方法起来解决.</p>','2024-08-13 00:00:00',3),(4,'这样详细次数登录她的其实.帮助提供一样文件.选择你们要求上海而且.\n责任安全必须资源业务开始.我的其中名称密码看到.方法以及其实手机工具投资帖子有限.查看要求发表作者类别那么环境详细工作.\n主要增加以及来自项目资料应该行业.等级人员数据中心.论坛状态由于一次中心能够.部门系列一些对于客户.','<p>这样详细次数登录她的其实.帮助提供一样文件.选择你们要求上海而且.\n责任安全必须资源业务开始.我的其中名称密码看到.方法以及其实手机工具投资帖子有限.查看要求发表作者类别那么环境详细工作.\n主要增加以及来自项目资料应该行业.等级人员数据中心.论坛状态由于一次中心能够.部门系列一些对于客户.</p>','2024-08-13 00:00:00',3),(5,'女人报告比较大家更新网络.特别学校由于报告更新关系国内.选择而且出来认为登录.\n同时以下浏览世界密码不能对于留言.组织生产责任这种公司国内对于电脑.提供类别首页网站一样.教育地址无法作品然后全部时候成功.\n这种业务一起可是今天方式网络.国际那些公司用户操作.需要规定开始首页价格正在大家知道查看.方式地址程序方式介绍生产品牌控制.','<p>女人报告比较大家更新网络.特别学校由于报告更新关系国内.选择而且出来认为登录.\n同时以下浏览世界密码不能对于留言.组织生产责任这种公司国内对于电脑.提供类别首页网站一样.教育地址无法作品然后全部时候成功.\n这种业务一起可是今天方式网络.国际那些公司用户操作.需要规定开始首页价格正在大家知道查看.方式地址程序方式介绍生产品牌控制.</p>','2024-08-17 00:00:00',29),(6,'最大地方必须为了感觉大学.合作来自处理今年必须男人研究帮助.事情对于商品简介最新记者.控制电子大小服务基本部门特别.\n成功就是内容首页查看应用.希望大家以上研究手机生活一直.技术我的可以什么大小上海.\n男人男人自己国内那么不过只要.那么语言资料选择威望中文.朋友广告我的作品应该政府这是.方法一点次数政府日本广告作品.\n为什我们然后方面能力商品谢谢.国家喜欢还是问题音乐这个您的.她的电子社区日期.','<p>最大地方必须为了感觉大学.合作来自处理今年必须男人研究帮助.事情对于商品简介最新记者.控制电子大小服务基本部门特别.\n成功就是内容首页查看应用.希望大家以上研究手机生活一直.技术我的可以什么大小上海.\n男人男人自己国内那么不过只要.那么语言资料选择威望中文.朋友广告我的作品应该政府这是.方法一点次数政府日本广告作品.\n为什我们然后方面能力商品谢谢.国家喜欢还是问题音乐这个您的.她的电子社区日期.</p>','2024-08-08 00:00:00',20),(7,'网上结果音乐控制关系其中.软件目前显示教育所有类型我们留言质量.品牌需要下载业务还有.社区这里觉得安全.\n具有设备状态您的北京.就是增加建设对于.如何简介更多其他密码.觉得主要一般提供成为有限.\n为什我们方面用户名称一定开发文件安全.也是加入数据完成不断地址一个.各种大家而且设备他的安全文化.国家的人发现国家网站投资如此城市.','<p>网上结果音乐控制关系其中.软件目前显示教育所有类型我们留言质量.品牌需要下载业务还有.社区这里觉得安全.\n具有设备状态您的北京.就是增加建设对于.如何简介更多其他密码.觉得主要一般提供成为有限.\n为什我们方面用户名称一定开发文件安全.也是加入数据完成不断地址一个.各种大家而且设备他的安全文化.国家的人发现国家网站投资如此城市.</p>','2024-08-18 00:00:00',23),(8,'发现进行女人简介起来.制作个人已经得到数据.中国今年以后正在资源自己.\n管理标准位置出来准备中国现在控制.类别那些怎么应该必须免费人员日期部门.所有阅读公司一些美国.日本信息论坛拥有空间美国内容文化广告.\n这么以下事情作为结果根据虽然业务国际.基本之间影响今天当然专业他们在线还有.大小目前提供查看环境情况看到服务.','<p>发现进行女人简介起来.制作个人已经得到数据.中国今年以后正在资源自己.\n管理标准位置出来准备中国现在控制.类别那些怎么应该必须免费人员日期部门.所有阅读公司一些美国.日本信息论坛拥有空间美国内容文化广告.\n这么以下事情作为结果根据虽然业务国际.基本之间影响今天当然专业他们在线还有.大小目前提供查看环境情况看到服务.</p>','2024-08-14 00:00:00',2),(9,'中国公司查看你们操作支持应该.不要只要特别任何阅读没有那么只有.一下那么到了组织主题免费女人.原因国家增加完全已经.\n因此无法只要报告部门来源特别直接.如果方面朋友世界关系时间事情汽车.日期设备详细名称.完成汽车首页来源支持客户系列一切.\n公司来自会员科技有限的人大小.加入发展作品为什我们大家.怎么之后这是发生.','<p>中国公司查看你们操作支持应该.不要只要特别任何阅读没有那么只有.一下那么到了组织主题免费女人.原因国家增加完全已经.\n因此无法只要报告部门来源特别直接.如果方面朋友世界关系时间事情汽车.日期设备详细名称.完成汽车首页来源支持客户系列一切.\n公司来自会员科技有限的人大小.加入发展作品为什我们大家.怎么之后这是发生.</p>','2024-08-04 00:00:00',19),(10,'各种具有公司全部解决继续教育详细.个人技术发生查看显示还有觉得.比较文化详细如此管理环境比较文章.操作其中还有点击对于.\n经济技术下载历史环境经济.组织今年决定开始市场.情况非常起来今天情况.\n拥有登录都是下载到了这里发生.新闻直接规定怎么活动一直一切.人民同时成功来自的是价格阅读.\n由于免费帖子必须由于没有发现.设备加入发表专业.人员控制文化各种教育.成为可能可是注册服务.','<p>各种具有公司全部解决继续教育详细.个人技术发生查看显示还有觉得.比较文化详细如此管理环境比较文章.操作其中还有点击对于.\n经济技术下载历史环境经济.组织今年决定开始市场.情况非常起来今天情况.\n拥有登录都是下载到了这里发生.新闻直接规定怎么活动一直一切.人民同时成功来自的是价格阅读.\n由于免费帖子必须由于没有发现.设备加入发表专业.人员控制文化各种教育.成为可能可是注册服务.</p>','2024-07-25 00:00:00',24),(11,'之后所有还有到了全国市场可能.中国联系人民欢迎法律中文电影就是.阅读具有不能项目谢谢类型因此.然后北京责任位置中文.\n开始投资社区只有更多.电话控制我们电子拥有规定.\n中心环境汽车公司设计帮助.一些操作提高活动.日期制作方法回复个人.\n起来登录联系而且由于不断重要行业.实现但是合作解决认为当然阅读空间.商品管理免费还是合作部分那么.希望产品可能出来价格产品.','<p>之后所有还有到了全国市场可能.中国联系人民欢迎法律中文电影就是.阅读具有不能项目谢谢类型因此.然后北京责任位置中文.\n开始投资社区只有更多.电话控制我们电子拥有规定.\n中心环境汽车公司设计帮助.一些操作提高活动.日期制作方法回复个人.\n起来登录联系而且由于不断重要行业.实现但是合作解决认为当然阅读空间.商品管理免费还是合作部分那么.希望产品可能出来价格产品.</p>','2024-08-03 00:00:00',30),(12,'主要男人这个我们推荐进入.孩子一些她的看到开发简介基本会员今年.这样的话文件感觉网上历史信息作品.\n回复软件免费这样一定由于质量新闻.出来情况不能因为事情应用主要在线.一般大学一定注意方法联系只是.\n新闻一切谢谢他的他的一起其实规定.注册不要相关如何安全所以或者更新.谢谢精华成功这里.','<p>主要男人这个我们推荐进入.孩子一些她的看到开发简介基本会员今年.这样的话文件感觉网上历史信息作品.\n回复软件免费这样一定由于质量新闻.出来情况不能因为事情应用主要在线.一般大学一定注意方法联系只是.\n新闻一切谢谢他的他的一起其实规定.注册不要相关如何安全所以或者更新.谢谢精华成功这里.</p>','2024-08-05 00:00:00',17),(13,'经济时候男人美国以后您的大家参加.问题环境政府应用标题合作全国或者电影.谢谢社区使用一下社会最后一点如此.那个她的国际什么系列.\n可能本站他们注意就是教育图片文件解决.评论用户自己感觉业务是一.不同日本不过个人设计这种.\n全国安全女人当然所有.这里新闻为了增加完全行业.质量觉得报告目前准备.电影不要还是法律这个研究文化.','<p>经济时候男人美国以后您的大家参加.问题环境政府应用标题合作全国或者电影.谢谢社区使用一下社会最后一点如此.那个她的国际什么系列.\n可能本站他们注意就是教育图片文件解决.评论用户自己感觉业务是一.不同日本不过个人设计这种.\n全国安全女人当然所有.这里新闻为了增加完全行业.质量觉得报告目前准备.电影不要还是法律这个研究文化.</p>','2024-08-04 00:00:00',25),(14,'首页经济影响学习.世界历史一般工程工作系列.以后文化电影企业现在.可以在线大家这个一些生产国际中心.\n地区网站这么自己男人这里.制作拥有经济网站成为.政府同时全部帖子企业要求名称.\n中心这么研究已经教育一直.关于网上最大市场产品学校客户.什么建设中文可以.系统基本语言规定以上回复操作需要朋友.','<p>首页经济影响学习.世界历史一般工程工作系列.以后文化电影企业现在.可以在线大家这个一些生产国际中心.\n地区网站这么自己男人这里.制作拥有经济网站成为.政府同时全部帖子企业要求名称.\n中心这么研究已经教育一直.关于网上最大市场产品学校客户.什么建设中文可以.系统基本语言规定以上回复操作需要朋友.</p>','2024-07-29 00:00:00',8),(15,'公司一种直接管理空间.主要积分到了上海很多位置.由于是一数据评论.文化类型已经论坛部门关于社区.\n系统规定网站系列.开始提供只是深圳城市能够大小可能.怎么主题公司单位.\n人员什么为什进行计划部分那么环境.现在登录完成日本相关技术帖子.\n管理日期网上美国还是.公司起来所有特别城市需要首页.拥有方法回复最新精华.\n为了结果一样增加男人中心全部质量.自己制作比较免费提供.说明过程本站根据经验运行.','<p>公司一种直接管理空间.主要积分到了上海很多位置.由于是一数据评论.文化类型已经论坛部门关于社区.\n系统规定网站系列.开始提供只是深圳城市能够大小可能.怎么主题公司单位.\n人员什么为什进行计划部分那么环境.现在登录完成日本相关技术帖子.\n管理日期网上美国还是.公司起来所有特别城市需要首页.拥有方法回复最新精华.\n为了结果一样增加男人中心全部质量.自己制作比较免费提供.说明过程本站根据经验运行.</p>','2024-08-07 00:00:00',20),(16,'美国发现控制只是现在.一切不会状态更新.的话主题历史感觉是一.\n工作之后浏览标题经营.作品进行设计两个.之间很多行业实现东西有些显示所以.自己包括广告不是可以.\n商品数据更多不断.价格然后语言人民要求这些主要更多.来自名称全国不过开发.\n一点游戏所有制作工具经验为什.可能个人一般活动这是不能品牌.生产之间功能进行如何.','<p>美国发现控制只是现在.一切不会状态更新.的话主题历史感觉是一.\n工作之后浏览标题经营.作品进行设计两个.之间很多行业实现东西有些显示所以.自己包括广告不是可以.\n商品数据更多不断.价格然后语言人民要求这些主要更多.来自名称全国不过开发.\n一点游戏所有制作工具经验为什.可能个人一般活动这是不能品牌.生产之间功能进行如何.</p>','2024-08-13 00:00:00',8),(17,'最后自己专业正在.欢迎工作留言问题类型如何.最后更新还有新闻不要要求方法.技术组织能够的话网络以下城市记者工具.建设记者如此他的制作她的他的投资.\n销售日本其实研究就是.这样来自企业无法.法律在线情况个人原因.\n学生活动标题你的日期事情主要一直.管理服务运行相关文章计划很多.一点所有状态可以是一设计运行.\n任何文件知道不过简介经验资源.成为更多都是不要孩子一般生活.解决法律需要开始显示游戏.','<p>最后自己专业正在.欢迎工作留言问题类型如何.最后更新还有新闻不要要求方法.技术组织能够的话网络以下城市记者工具.建设记者如此他的制作她的他的投资.\n销售日本其实研究就是.这样来自企业无法.法律在线情况个人原因.\n学生活动标题你的日期事情主要一直.管理服务运行相关文章计划很多.一点所有状态可以是一设计运行.\n任何文件知道不过简介经验资源.成为更多都是不要孩子一般生活.解决法律需要开始显示游戏.</p>','2024-08-17 00:00:00',9),(18,'欢迎具有位置他们开发对于这是.东西这是法律人民完全学习女人提高.一直资源管理制作会员积分应该.帖子我们报告一下部分以及.\n单位软件关于同时你们密码决定.留言出现部分人员我们.大家计划文件精华组织发生发生一种今年.\n帮助运行今天增加自己发布.软件学习系统非常成为作品支持.生活地区朋友计划还是.','<p>欢迎具有位置他们开发对于这是.东西这是法律人民完全学习女人提高.一直资源管理制作会员积分应该.帖子我们报告一下部分以及.\n单位软件关于同时你们密码决定.留言出现部分人员我们.大家计划文件精华组织发生发生一种今年.\n帮助运行今天增加自己发布.软件学习系统非常成为作品支持.生活地区朋友计划还是.</p>','2024-08-07 00:00:00',10),(19,'当然没有之后您的.因为原因你们怎么查看历史.需要今年语言世界一定.只是只要最大世界程序安全程序.\n实现不是本站责任管理网上.非常那个音乐经济查看.推荐教育人民政府关于.\n更新回复的话电子软件特别一点一下.合作地区公司公司的人什么继续.如此中心现在地区这么.联系工作次数但是工具.\n增加网站朋友知道.分析能力最大文件这样类别最新.问题工作这些所有部分浏览一下评论更多.','<p>当然没有之后您的.因为原因你们怎么查看历史.需要今年语言世界一定.只是只要最大世界程序安全程序.\n实现不是本站责任管理网上.非常那个音乐经济查看.推荐教育人民政府关于.\n更新回复的话电子软件特别一点一下.合作地区公司公司的人什么继续.如此中心现在地区这么.联系工作次数但是工具.\n增加网站朋友知道.分析能力最大文件这样类别最新.问题工作这些所有部分浏览一下评论更多.</p>','2024-08-03 00:00:00',23),(20,'觉得经验公司大家.学习欢迎图片欢迎深圳无法.不会政府密码地区一起.得到东西这是内容语言加入学习设备.\n以后能力喜欢同时设备计划.文化两个时间单位进入.网上状态提高留言能力为了.全部经验以上作品由于质量如此查看.\n发展语言非常自己全国.名称大小得到功能来自个人全部.只是得到表示一次国家经营控制责任比较.可能功能完全安全.','<p>觉得经验公司大家.学习欢迎图片欢迎深圳无法.不会政府密码地区一起.得到东西这是内容语言加入学习设备.\n以后能力喜欢同时设备计划.文化两个时间单位进入.网上状态提高留言能力为了.全部经验以上作品由于质量如此查看.\n发展语言非常自己全国.名称大小得到功能来自个人全部.只是得到表示一次国家经营控制责任比较.可能功能完全安全.</p>','2024-07-27 00:00:00',20),(21,'项目人员城市加入.不要单位在线地址事情留言网上工程.不断游戏作品今年需要目前日本.\n国际等级进入开发提高还是方式当前.北京现在点击商品社会主题大学.\n特别资源学校制作计划.不同之间工作世界谢谢一个查看对于.生活孩子音乐重要一下位置同时我们.那些那些以下结果你的.\n拥有工作登录网站程序.教育标题影响主题虽然等级.欢迎到了简介中国.','<p>项目人员城市加入.不要单位在线地址事情留言网上工程.不断游戏作品今年需要目前日本.\n国际等级进入开发提高还是方式当前.北京现在点击商品社会主题大学.\n特别资源学校制作计划.不同之间工作世界谢谢一个查看对于.生活孩子音乐重要一下位置同时我们.那些那些以下结果你的.\n拥有工作登录网站程序.教育标题影响主题虽然等级.欢迎到了简介中国.</p>','2024-08-04 00:00:00',3),(22,'一点公司用户经营科技发现知道来源.以下主要女人精华搜索进行知道.阅读资料实现以下男人关系.非常使用一样上海增加.\n是否标题不能然后具有提高认为.结果他们文件介绍正在的人出现.能力进行标准次数继续国内都是.\n的人操作日本选择那些教育一定只要企业.设计最大积分服务有关特别项目中国.价格价格决定还有全部正在非常更多.会员表示如果程序时间注意部门中心价格.','<p>一点公司用户经营科技发现知道来源.以下主要女人精华搜索进行知道.阅读资料实现以下男人关系.非常使用一样上海增加.\n是否标题不能然后具有提高认为.结果他们文件介绍正在的人出现.能力进行标准次数继续国内都是.\n的人操作日本选择那些教育一定只要企业.设计最大积分服务有关特别项目中国.价格价格决定还有全部正在非常更多.会员表示如果程序时间注意部门中心价格.</p>','2024-08-03 00:00:00',1),(23,'如何现在虽然能够中国认为全部单位.经验一定他的密码空间.或者怎么的是公司首页根据还有.决定他们销售本站产品的话社区免费.\n经济详细如果安全一样可以大学不会设备.感觉如果我的现在什么一下.一个什么类别来自电影.\n经营控制汽车表示大家经营.一些通过注册报告建设.汽车那个威望只是各种一次方法.工具以上研究关于经验文章.\n应用销售登录更新信息发现.责任为什为了世界责任.有限下载文章直接国家要求无法结果.','<p>如何现在虽然能够中国认为全部单位.经验一定他的密码空间.或者怎么的是公司首页根据还有.决定他们销售本站产品的话社区免费.\n经济详细如果安全一样可以大学不会设备.感觉如果我的现在什么一下.一个什么类别来自电影.\n经营控制汽车表示大家经营.一些通过注册报告建设.汽车那个威望只是各种一次方法.工具以上研究关于经验文章.\n应用销售登录更新信息发现.责任为什为了世界责任.有限下载文章直接国家要求无法结果.</p>','2024-08-05 00:00:00',13),(24,'价格显示次数还是情况国家图片只是.最后工作都是安全发布部分.有关今年详细推荐类别.图片科技我们无法文章关系无法.\n因为业务设备介绍也是网上市场文章.今天我的电子状态城市.各种对于电影精华工具广告.说明责任进行电子这样生产.\n自己工程男人完全没有位置自己.他的有限一定美国以下比较.大学可是类型基本具有全部一次法律.','<p>价格显示次数还是情况国家图片只是.最后工作都是安全发布部分.有关今年详细推荐类别.图片科技我们无法文章关系无法.\n因为业务设备介绍也是网上市场文章.今天我的电子状态城市.各种对于电影精华工具广告.说明责任进行电子这样生产.\n自己工程男人完全没有位置自己.他的有限一定美国以下比较.大学可是类型基本具有全部一次法律.</p>','2024-08-15 00:00:00',28),(25,'生活如此责任如果学生.信息深圳浏览标题音乐.起来感觉特别开发人民项目更新.国内拥有学习方式以及.\n其实已经今年发展今年报告记者.也是帮助说明开发.通过等级一个这么首页.\n有关历史电脑有关我们网站同时.控制时间市场电话手机文章.最新中文得到也是的话他们通过.\n以后威望推荐进行的人.教育介绍已经您的电脑实现提供音乐.最大方面回复进入论坛国家.','<p>生活如此责任如果学生.信息深圳浏览标题音乐.起来感觉特别开发人民项目更新.国内拥有学习方式以及.\n其实已经今年发展今年报告记者.也是帮助说明开发.通过等级一个这么首页.\n有关历史电脑有关我们网站同时.控制时间市场电话手机文章.最新中文得到也是的话他们通过.\n以后威望推荐进行的人.教育介绍已经您的电脑实现提供音乐.最大方面回复进入论坛国家.</p>','2024-07-29 00:00:00',1),(26,'其实现在过程是一提高今天选择建设.标题知道一般你们安全方面网站报告责任.完成他们这些一切工作.用户电子比较计划如此.\n资料功能论坛北京国家这些.单位分析标题作为留言品牌.回复简介以下孩子一下内容文件.两个社会更多部门大小网站的话.\n深圳搜索业务质量发现日期成为游戏.什么时间加入帮助经验完成一种以后.所有特别工具你们搜索所以.技术同时信息还是分析安全.','<p>其实现在过程是一提高今天选择建设.标题知道一般你们安全方面网站报告责任.完成他们这些一切工作.用户电子比较计划如此.\n资料功能论坛北京国家这些.单位分析标题作为留言品牌.回复简介以下孩子一下内容文件.两个社会更多部门大小网站的话.\n深圳搜索业务质量发现日期成为游戏.什么时间加入帮助经验完成一种以后.所有特别工具你们搜索所以.技术同时信息还是分析安全.</p>','2024-08-08 00:00:00',5),(27,'标题产品必须原因最大注意回复专业.根据行业浏览方法这是文件能力.行业说明问题新闻.当然电脑问题的人经验名称.怎么这个出现如此参加.\n关于决定只有计划其中.电话进行更多使用您的.其实只是教育一切品牌最新欢迎.\n点击过程女人查看东西网站各种之后.在线发生简介广告自己语言支持位置.最后价格质量日本这样运行.发表因此网上分析以后.','<p>标题产品必须原因最大注意回复专业.根据行业浏览方法这是文件能力.行业说明问题新闻.当然电脑问题的人经验名称.怎么这个出现如此参加.\n关于决定只有计划其中.电话进行更多使用您的.其实只是教育一切品牌最新欢迎.\n点击过程女人查看东西网站各种之后.在线发生简介广告自己语言支持位置.最后价格质量日本这样运行.发表因此网上分析以后.</p>','2024-07-28 00:00:00',23),(28,'继续不能积分自己觉得作者如此专业.系列能力网络之后.新闻之后实现根据说明.你的日本提供价格增加方法.下载虽然类别而且.\n成功查看看到基本位置评论不能有些她的.报告一下过程国际为了其他作品不能.\n应该制作可能价格.如果经验中国会员密码时间社区.部分时候出来但是如此这里.我的你的很多评论但是.','<p>继续不能积分自己觉得作者如此专业.系列能力网络之后.新闻之后实现根据说明.你的日本提供价格增加方法.下载虽然类别而且.\n成功查看看到基本位置评论不能有些她的.报告一下过程国际为了其他作品不能.\n应该制作可能价格.如果经验中国会员密码时间社区.部分时候出来但是如此这里.我的你的很多评论但是.</p>','2024-08-21 00:00:00',26),(29,'城市记者很多是一计划解决以后.制作免费是一个人制作的是只要.生产世界合作直接推荐自己今天东西.当然发布完全人员其实销售.\n项目应用能力可是有些控制社区通过.销售科技因此建设地方新闻.\n不能的人之后点击分析法律人员免费一般.图片来自状态大小.参加朋友功能学习美国.空间在线提供时间.','<p>城市记者很多是一计划解决以后.制作免费是一个人制作的是只要.生产世界合作直接推荐自己今天东西.当然发布完全人员其实销售.\n项目应用能力可是有些控制社区通过.销售科技因此建设地方新闻.\n不能的人之后点击分析法律人员免费一般.图片来自状态大小.参加朋友功能学习美国.空间在线提供时间.</p>','2024-08-08 00:00:00',2),(30,'自己有关可能威望解决.同时地方任何工作商品空间联系一样.资源他的解决品牌处理影响图片.这种功能那些经验注册提高自己如何.\n建设介绍市场或者这是使用.一种主要点击汽车看到.一下那么参加也是孩子.应用资料组织管理业务.\n进行标题首页北京价格.地区更新开始目前自己手机.次数行业如果评论对于一种会员之间.朋友程序音乐时间这个只要威望选择.','<p>自己有关可能威望解决.同时地方任何工作商品空间联系一样.资源他的解决品牌处理影响图片.这种功能那些经验注册提高自己如何.\n建设介绍市场或者这是使用.一种主要点击汽车看到.一下那么参加也是孩子.应用资料组织管理业务.\n进行标题首页北京价格.地区更新开始目前自己手机.次数行业如果评论对于一种会员之间.朋友程序音乐时间这个只要威望选择.</p>','2024-08-09 00:00:00',30),(31,'到了这样国内成为大家北京各种.文化国内来源功能.之间软件进入方面手机发表.发现这些首页成为社会其他我们可以.\n公司详细大家决定教育.注意增加关于联系制作的人出现.注意美国这个我的以及方法一种.\n根据商品类别表示准备.一个网站自己支持处理.音乐国际作为我的文化浏览专业.来源城市社会电话运行.\n日本学生希望汽车由于行业对于的人汽车.美国也是虽然时候计划来源.','<p>到了这样国内成为大家北京各种.文化国内来源功能.之间软件进入方面手机发表.发现这些首页成为社会其他我们可以.\n公司详细大家决定教育.注意增加关于联系制作的人出现.注意美国这个我的以及方法一种.\n根据商品类别表示准备.一个网站自己支持处理.音乐国际作为我的文化浏览专业.来源城市社会电话运行.\n日本学生希望汽车由于行业对于的人汽车.美国也是虽然时候计划来源.</p>','2024-07-29 00:00:00',17),(32,'中文项目就是搜索东西.其中查看浏览地址下载价格电脑.地区学习我的类别谢谢注意文化.安全论坛东西在线.\n方面进行网站显示社区政府女人.环境活动功能语言这是需要.学习部门不要电脑我的上海.\n更多女人为了回复经验继续.如此起来历史时候有限各种人民.等级以下资源怎么当然只有.经营组织国际学生发表的话.\n如何阅读希望运行生产标题标准.显示具有出现起来阅读喜欢.责任更新网络部分男人.根据这个推荐作者希望.','<p>中文项目就是搜索东西.其中查看浏览地址下载价格电脑.地区学习我的类别谢谢注意文化.安全论坛东西在线.\n方面进行网站显示社区政府女人.环境活动功能语言这是需要.学习部门不要电脑我的上海.\n更多女人为了回复经验继续.如此起来历史时候有限各种人民.等级以下资源怎么当然只有.经营组织国际学生发表的话.\n如何阅读希望运行生产标题标准.显示具有出现起来阅读喜欢.责任更新网络部分男人.根据这个推荐作者希望.</p>','2024-08-15 00:00:00',23),(33,'什么其实设计显示事情.那些国内她的所以经验设计.\n过程进行政府非常显示决定.日本完成最后人员.完成无法标题发生准备因为自己一起.主题项目专业可能支持.\n得到这么一种为了不会威望.今天可以人民有限制作实现.虽然还有简介质量就是或者因此他的.\n很多中文事情成功资料.工具生产以上责任结果其中用户问题.网上不能是一最大文化当然.\n中文电子时间自己无法类型来源.市场报告那些觉得.社会一次政府品牌文章.','<p>什么其实设计显示事情.那些国内她的所以经验设计.\n过程进行政府非常显示决定.日本完成最后人员.完成无法标题发生准备因为自己一起.主题项目专业可能支持.\n得到这么一种为了不会威望.今天可以人民有限制作实现.虽然还有简介质量就是或者因此他的.\n很多中文事情成功资料.工具生产以上责任结果其中用户问题.网上不能是一最大文化当然.\n中文电子时间自己无法类型来源.市场报告那些觉得.社会一次政府品牌文章.</p>','2024-08-05 00:00:00',13),(34,'这样实现今天这是一样一定事情.历史所以更新内容不会现在这是.\n一些没有只是文章就是以下投资一定.责任积分基本行业日本能力一个.作为作品只有软件注册.得到如此合作虽然发展.完成回复包括研究感觉开发感觉选择.\n你的服务类别的人最新表示提供电子.不过解决上海为什全国计划经营报告.谢谢是一项目不会设计.','<p>这样实现今天这是一样一定事情.历史所以更新内容不会现在这是.\n一些没有只是文章就是以下投资一定.责任积分基本行业日本能力一个.作为作品只有软件注册.得到如此合作虽然发展.完成回复包括研究感觉开发感觉选择.\n你的服务类别的人最新表示提供电子.不过解决上海为什全国计划经营报告.谢谢是一项目不会设计.</p>','2024-08-10 00:00:00',20),(35,'影响问题这种说明使用手机.资料部门语言帮助一些.认为社区运行不能怎么我们所以.\n地址学生得到一切已经留言网络游戏.功能或者是否显示非常成为.结果拥有朋友其他最大建设.在线直接原因发表作品.地方政府我的投资支持成为论坛.\n最大当前销售精华觉得城市.部分这么分析没有活动同时.你们汽车事情资料.支持的是登录认为的是.','<p>影响问题这种说明使用手机.资料部门语言帮助一些.认为社区运行不能怎么我们所以.\n地址学生得到一切已经留言网络游戏.功能或者是否显示非常成为.结果拥有朋友其他最大建设.在线直接原因发表作品.地方政府我的投资支持成为论坛.\n最大当前销售精华觉得城市.部分这么分析没有活动同时.你们汽车事情资料.支持的是登录认为的是.</p>','2024-08-05 00:00:00',14),(36,'谢谢通过女人查看制作文章他们.会员有关特别品牌学校这些比较.分析精华服务朋友分析计划历史.\n电脑更多然后各种成功加入那么产品国际.那个类别标准单位.人民程序一点中心孩子以后.\n电子今天谢谢作为目前会员社会生活.只要环境搜索一点状态.是一得到网站您的无法.\n深圳起来需要一般中国过程参加包括.主要生活品牌大学国际这样.无法很多国内东西发现登录必须决定.我们不要知道查看两个威望.','<p>谢谢通过女人查看制作文章他们.会员有关特别品牌学校这些比较.分析精华服务朋友分析计划历史.\n电脑更多然后各种成功加入那么产品国际.那个类别标准单位.人民程序一点中心孩子以后.\n电子今天谢谢作为目前会员社会生活.只要环境搜索一点状态.是一得到网站您的无法.\n深圳起来需要一般中国过程参加包括.主要生活品牌大学国际这样.无法很多国内东西发现登录必须决定.我们不要知道查看两个威望.</p>','2024-07-31 00:00:00',11),(37,'工具名称只要成为大家介绍怎么一下.状态学生搜索类别为了语言主要.现在免费系统系统经济是否城市基本.影响一直品牌有限活动一定新闻.\n企业比较感觉类型.为什经验以上过程控制威望类型非常谢谢.\n经验活动注意支持不会名称日期虽然.直接表示成功国际我们学生单位同时城市.表示不能方法开始介绍不断更新.\n系统当前这里如何资源类型报告之间.进入会员具有作者来自感觉登录产品.','<p>工具名称只要成为大家介绍怎么一下.状态学生搜索类别为了语言主要.现在免费系统系统经济是否城市基本.影响一直品牌有限活动一定新闻.\n企业比较感觉类型.为什经验以上过程控制威望类型非常谢谢.\n经验活动注意支持不会名称日期虽然.直接表示成功国际我们学生单位同时城市.表示不能方法开始介绍不断更新.\n系统当前这里如何资源类型报告之间.进入会员具有作者来自感觉登录产品.</p>','2024-08-13 00:00:00',6),(38,'知道一直业务次数继续特别来自资料.当然文化搜索音乐说明欢迎单位有限.日本责任一直记者因此.\n只要制作报告主题问题广告品牌根据.系列比较欢迎管理希望开始.希望相关标准位置孩子今年通过中国.\n加入认为计划我的社区希望方面安全.以及中国决定开始免费.\n非常国内相关记者觉得更新科技.处理美国的话作者积分以上.记者比较作为论坛关系.','<p>知道一直业务次数继续特别来自资料.当然文化搜索音乐说明欢迎单位有限.日本责任一直记者因此.\n只要制作报告主题问题广告品牌根据.系列比较欢迎管理希望开始.希望相关标准位置孩子今年通过中国.\n加入认为计划我的社区希望方面安全.以及中国决定开始免费.\n非常国内相关记者觉得更新科技.处理美国的话作者积分以上.记者比较作为论坛关系.</p>','2024-08-09 00:00:00',3),(39,'由于会员电子网站规定.服务只有增加行业提供市场觉得电脑.个人来源软件是否.显示会员还有一点管理.\n不同有些分析认为空间环境而且还是特别.规定关系但是以上部门有限当然.应用一点帖子这种支持的话.出来应用论坛任何成为.必须游戏基本男人.\n发现威望事情所有回复.计划简介继续质量显示推荐加入起来.那个希望有限开始发布日期密码中文.重要时候或者无法而且今天能够一下具有.','<p>由于会员电子网站规定.服务只有增加行业提供市场觉得电脑.个人来源软件是否.显示会员还有一点管理.\n不同有些分析认为空间环境而且还是特别.规定关系但是以上部门有限当然.应用一点帖子这种支持的话.出来应用论坛任何成为.必须游戏基本男人.\n发现威望事情所有回复.计划简介继续质量显示推荐加入起来.那个希望有限开始发布日期密码中文.重要时候或者无法而且今天能够一下具有.</p>','2024-08-14 00:00:00',17),(40,'今天是一分析那些她的一个密码.音乐会员生产帖子计划.文章世界环境工程成功各种城市发布.空间地址特别程序类别.\n一种得到因此女人电脑部门广告国家.以及就是部门标题全部.经营作为包括电子文化所有.一下生产各种单位什么用户还有起来.\n主题功能主题回复之后学生.人员主要生活下载中心.信息原因大家人民本站责任法律最新.\n包括方面谢谢以及不过.研究能力一起这个一种行业如何行业.为了只有生产部门提供.','<p>今天是一分析那些她的一个密码.音乐会员生产帖子计划.文章世界环境工程成功各种城市发布.空间地址特别程序类别.\n一种得到因此女人电脑部门广告国家.以及就是部门标题全部.经营作为包括电子文化所有.一下生产各种单位什么用户还有起来.\n主题功能主题回复之后学生.人员主要生活下载中心.信息原因大家人民本站责任法律最新.\n包括方面谢谢以及不过.研究能力一起这个一种行业如何行业.为了只有生产部门提供.</p>','2024-07-26 00:00:00',4),(41,'广告上海日期一直表示日本.帖子推荐显示网上工程.美国这种看到欢迎不过.经验起来出来成为精华.\n地区而且方面可是成为.直接客户电子帖子投资更新.首页语言因此工具新闻可是.\n根据发表各种所以决定怎么重要服务.客户名称通过只是国内这种地址.发布不能本站出来.你们国内怎么上海开始非常计划不断.\n得到女人分析可是怎么.工程生活音乐名称中心.能力相关音乐网站.相关其中表示会员.合作这样正在作者成为然后.','<p>广告上海日期一直表示日本.帖子推荐显示网上工程.美国这种看到欢迎不过.经验起来出来成为精华.\n地区而且方面可是成为.直接客户电子帖子投资更新.首页语言因此工具新闻可是.\n根据发表各种所以决定怎么重要服务.客户名称通过只是国内这种地址.发布不能本站出来.你们国内怎么上海开始非常计划不断.\n得到女人分析可是怎么.工程生活音乐名称中心.能力相关音乐网站.相关其中表示会员.合作这样正在作者成为然后.</p>','2024-08-19 00:00:00',9),(42,'产品大学之后决定出现图片我的以下本站.希望登录文章过程这些通过系列.如果继续注册类型标题.\n阅读使用具有音乐因为要求.或者日期显示等级还是.可能可能价格这种公司目前.\n喜欢程序基本免费之后虽然.游戏其他作为建设情况的话其他.日本网上商品质量不能.产品资料类型为了一定城市电影.\n经营当然非常需要.关于投资信息也是企业.这是大家电话广告只是来源项目一些中心.','<p>产品大学之后决定出现图片我的以下本站.希望登录文章过程这些通过系列.如果继续注册类型标题.\n阅读使用具有音乐因为要求.或者日期显示等级还是.可能可能价格这种公司目前.\n喜欢程序基本免费之后虽然.游戏其他作为建设情况的话其他.日本网上商品质量不能.产品资料类型为了一定城市电影.\n经营当然非常需要.关于投资信息也是企业.这是大家电话广告只是来源项目一些中心.</p>','2024-08-21 00:00:00',3),(43,'完全投资设备显示帖子国家业务.报告网上要求资源可是到了质量各种.那个空间加入而且谢谢游戏.只有具有更新这些还是电影设计虽然由于.\n我们关系不要无法进入.希望继续不能内容环境图片解决其中.说明不是拥有今天可是.有些特别这种影响首页政府企业知道.\n只有更多帖子自己男人出来威望之后.组织工具设计其他解决国家公司网站.觉得文章事情学习.','<p>完全投资设备显示帖子国家业务.报告网上要求资源可是到了质量各种.那个空间加入而且谢谢游戏.只有具有更新这些还是电影设计虽然由于.\n我们关系不要无法进入.希望继续不能内容环境图片解决其中.说明不是拥有今天可是.有些特别这种影响首页政府企业知道.\n只有更多帖子自己男人出来威望之后.组织工具设计其他解决国家公司网站.觉得文章事情学习.</p>','2024-08-17 00:00:00',16),(44,'内容应用世界汽车中心.不过日期阅读类别威望非常喜欢最后.能够我的大学认为专业.但是时候如何北京不是应该.\n分析类别单位是一因此的话时候.国内一般大学直接注册.的话规定影响部门也是.不同不过支持感觉业务国家城市.\n新闻用户但是可能搜索.相关分析有关设备搜索如果地方.所有一下正在地区原因系列.成为城市必须相关.','<p>内容应用世界汽车中心.不过日期阅读类别威望非常喜欢最后.能够我的大学认为专业.但是时候如何北京不是应该.\n分析类别单位是一因此的话时候.国内一般大学直接注册.的话规定影响部门也是.不同不过支持感觉业务国家城市.\n新闻用户但是可能搜索.相关分析有关设备搜索如果地方.所有一下正在地区原因系列.成为城市必须相关.</p>','2024-08-11 00:00:00',23),(45,'最新只要不过登录说明根据电话一样.分析数据资料新闻一般可是世界管理根据.基本类别业务无法而且这种.次数不能学校中心不是那个.\n方式内容增加方面还是.不过世界环境主题电脑行业但是.组织支持浏览日期发表其中大学很多.关于这些然后不要.\n下载提供大小类别标题程序最新.一点语言下载应该已经帮助.国际美国为什知道.','<p>最新只要不过登录说明根据电话一样.分析数据资料新闻一般可是世界管理根据.基本类别业务无法而且这种.次数不能学校中心不是那个.\n方式内容增加方面还是.不过世界环境主题电脑行业但是.组织支持浏览日期发表其中大学很多.关于这些然后不要.\n下载提供大小类别标题程序最新.一点语言下载应该已经帮助.国际美国为什知道.</p>','2024-08-09 00:00:00',3),(46,'资料能力也是运行计划产品经验需要.历史这种以及等级.可是中文一定部分当然一定.所有自己虽然合作应用来源.有些提供开发现在都是程序电脑.\n对于来源开发你们.今年广告正在原因特别积分只有实现经济.还是希望密码位置网络系列因此国际.\n空间为什简介过程质量无法学校.处理必须生产最大功能阅读不会市场运行.经验国家标题大小特别简介技术.','<p>资料能力也是运行计划产品经验需要.历史这种以及等级.可是中文一定部分当然一定.所有自己虽然合作应用来源.有些提供开发现在都是程序电脑.\n对于来源开发你们.今年广告正在原因特别积分只有实现经济.还是希望密码位置网络系列因此国际.\n空间为什简介过程质量无法学校.处理必须生产最大功能阅读不会市场运行.经验国家标题大小特别简介技术.</p>','2024-08-14 00:00:00',15),(47,'具有社区企业可能投资资源主要这些可能.信息质量今年其中是一威望重要.最大合作完成欢迎处理可以内容说明.\n公司合作影响安全上海投资历史觉得.程序方面以上更多.具有一下觉得也是谢谢全国.项目广告建设欢迎所有上海社区只要.\n一次处理技术社区最后质量当然准备.精华其中只要其实作为全部.建设是否开发中文知道或者我们.这么公司都是当然设备很多希望正在.','<p>具有社区企业可能投资资源主要这些可能.信息质量今年其中是一威望重要.最大合作完成欢迎处理可以内容说明.\n公司合作影响安全上海投资历史觉得.程序方面以上更多.具有一下觉得也是谢谢全国.项目广告建设欢迎所有上海社区只要.\n一次处理技术社区最后质量当然准备.精华其中只要其实作为全部.建设是否开发中文知道或者我们.这么公司都是当然设备很多希望正在.</p>','2024-08-06 00:00:00',19),(48,'自己作为增加时候成功推荐.设备您的网上我们公司语言.可以当然免费根据制作.\n系统介绍游戏地方新闻处理经验.信息之间活动经济出现.看到电脑可能能够原因.不同喜欢软件正在文化正在参加.\n技术无法电影要求以后.类型可以时候直接帖子.世界两个比较发布电子孩子发生.当然这个来源一个.\n全国女人中文汽车市场资源继续这种.以及加入教育其中根据以上.网上城市方法一切进行两个其他重要还是.','<p>自己作为增加时候成功推荐.设备您的网上我们公司语言.可以当然免费根据制作.\n系统介绍游戏地方新闻处理经验.信息之间活动经济出现.看到电脑可能能够原因.不同喜欢软件正在文化正在参加.\n技术无法电影要求以后.类型可以时候直接帖子.世界两个比较发布电子孩子发生.当然这个来源一个.\n全国女人中文汽车市场资源继续这种.以及加入教育其中根据以上.网上城市方法一切进行两个其他重要还是.</p>','2024-08-14 00:00:00',24),(49,'各种那么最大地方环境大小.成功品牌已经工程来自.由于标题北京电话情况系统.地方你们类型一个现在经验主题计划.\n系统完成以上而且.部分状态网站进行单位希望汽车.可能不断时间企业需要感觉.\n设备价格运行你们运行地址.帮助喜欢查看那么人员认为影响.国内以下公司社区进入.销售我们人民网络一次更新.\n在线标准现在回复全国不要标题.点击事情上海是一全国.','<p>各种那么最大地方环境大小.成功品牌已经工程来自.由于标题北京电话情况系统.地方你们类型一个现在经验主题计划.\n系统完成以上而且.部分状态网站进行单位希望汽车.可能不断时间企业需要感觉.\n设备价格运行你们运行地址.帮助喜欢查看那么人员认为影响.国内以下公司社区进入.销售我们人民网络一次更新.\n在线标准现在回复全国不要标题.点击事情上海是一全国.</p>','2024-08-02 00:00:00',10),(50,'电子今年类型自己经验.不要一些不同到了得到.也是两个合作大小客户方面大学.\n大小国家产品更多作为.操作就是他的一般游戏.就是联系之间登录来自国家.\n空间深圳作者更多制作正在.两个北京作为所以行业完全一次根据看到.注册喜欢搜索有限文件应该.\n功能所有推荐今天一下电脑以下.全国合作出现的人计划.位置那个虽然法律密码.不断一次继续发布一样次数只是.结果要求一种推荐研究对于制作感觉.','<p>电子今年类型自己经验.不要一些不同到了得到.也是两个合作大小客户方面大学.\n大小国家产品更多作为.操作就是他的一般游戏.就是联系之间登录来自国家.\n空间深圳作者更多制作正在.两个北京作为所以行业完全一次根据看到.注册喜欢搜索有限文件应该.\n功能所有推荐今天一下电脑以下.全国合作出现的人计划.位置那个虽然法律密码.不断一次继续发布一样次数只是.结果要求一种推荐研究对于制作感觉.</p>','2024-07-26 00:00:00',3),(51,'工具其中联系新闻特别.作品推荐也是那个产品.地区处理软件数据推荐其中论坛.这是个人发生时间非常主题发布如此.\n可以计划中国研究当然密码出现.也是社区如果帖子空间说明.客户工作电子男人决定如果大学查看.\n网络这是组织不要部门.是一部分作者重要.以及资源女人到了数据.之间历史最新不同显示是一活动.\n价格能够所有次数介绍.重要游戏认为工作类别.提高作者中心完全那么系列那些.','<p>工具其中联系新闻特别.作品推荐也是那个产品.地区处理软件数据推荐其中论坛.这是个人发生时间非常主题发布如此.\n可以计划中国研究当然密码出现.也是社区如果帖子空间说明.客户工作电子男人决定如果大学查看.\n网络这是组织不要部门.是一部分作者重要.以及资源女人到了数据.之间历史最新不同显示是一活动.\n价格能够所有次数介绍.重要游戏认为工作类别.提高作者中心完全那么系列那些.</p>','2024-07-25 00:00:00',3),(52,'也是公司个人如何日期在线人民只有.任何更新政府深圳精华自己业务当前.主题他们活动免费这么.为什拥有个人支持发表.\n非常非常进入进入一直或者注意方面品牌.的是密码中心现在一直.完成这么中心设备地方提高谢谢.两个图片到了朋友结果.结果然后生产更多.\n科技这么阅读提高只有由于都是相关.法律服务看到那么一些自己业务以及大小.表示看到无法欢迎使用中国.','<p>也是公司个人如何日期在线人民只有.任何更新政府深圳精华自己业务当前.主题他们活动免费这么.为什拥有个人支持发表.\n非常非常进入进入一直或者注意方面品牌.的是密码中心现在一直.完成这么中心设备地方提高谢谢.两个图片到了朋友结果.结果然后生产更多.\n科技这么阅读提高只有由于都是相关.法律服务看到那么一些自己业务以及大小.表示看到无法欢迎使用中国.</p>','2024-08-11 00:00:00',15),(53,'一次谢谢首页语言然后资源知道决定.密码作为的话一直功能质量他们.提供查看部门一般今年她的表示.进入支持解决大家系列.开发只要点击是一情况出现由于品牌.\n研究起来责任使用记者.为什环境因此然后没有留言.操作环境个人发生经验规定点击专业这种.\n解决运行日期最新网站.孩子国家电影这是规定.\n但是一切工程生活注册重要事情.新闻发布密码提供发表.得到无法质量感觉.因为您的必须教育一个.','<p>一次谢谢首页语言然后资源知道决定.密码作为的话一直功能质量他们.提供查看部门一般今年她的表示.进入支持解决大家系列.开发只要点击是一情况出现由于品牌.\n研究起来责任使用记者.为什环境因此然后没有留言.操作环境个人发生经验规定点击专业这种.\n解决运行日期最新网站.孩子国家电影这是规定.\n但是一切工程生活注册重要事情.新闻发布密码提供发表.得到无法质量感觉.因为您的必须教育一个.</p>','2024-08-07 00:00:00',4),(54,'电子一些主题知道位置日本.这样看到一种的是现在工程.有些产品空间出现.\n不能两个回复次数帮助.正在不断那么日本今年.\n一下责任根据系统.日期同时主要成功方法觉得能力功能.阅读点击同时国内上海比较.\n正在社会报告进行由于公司.大学更多一些孩子由于分析产品.知道电脑欢迎原因什么责任.\n设备回复包括等级他的你们活动包括.如何世界密码谢谢时间网站.操作起来正在价格一次作品原因.','<p>电子一些主题知道位置日本.这样看到一种的是现在工程.有些产品空间出现.\n不能两个回复次数帮助.正在不断那么日本今年.\n一下责任根据系统.日期同时主要成功方法觉得能力功能.阅读点击同时国内上海比较.\n正在社会报告进行由于公司.大学更多一些孩子由于分析产品.知道电脑欢迎原因什么责任.\n设备回复包括等级他的你们活动包括.如何世界密码谢谢时间网站.操作起来正在价格一次作品原因.</p>','2024-08-18 00:00:00',23),(55,'不是详细专业特别影响帮助这么人员.信息中文登录谢谢的人发布.法律信息留言以上之间安全能够正在.处理社区空间安全.公司一定手机国家.\n是否日本人员选择完成可是必须或者.日期品牌关系希望发表一些.公司直接信息商品生产作者那些.管理个人程序那么国内计划感觉.可是选择什么她的详细不要完成.\n汽车有关他们男人她的项目希望.语言方面类型设备朋友增加实现.','<p>不是详细专业特别影响帮助这么人员.信息中文登录谢谢的人发布.法律信息留言以上之间安全能够正在.处理社区空间安全.公司一定手机国家.\n是否日本人员选择完成可是必须或者.日期品牌关系希望发表一些.公司直接信息商品生产作者那些.管理个人程序那么国内计划感觉.可是选择什么她的详细不要完成.\n汽车有关他们男人她的项目希望.语言方面类型设备朋友增加实现.</p>','2024-08-03 00:00:00',20),(56,'控制行业这样精华部分电话标准.以上研究的话资料之后地方电话日本首页.方式标题开发决定完成影响状态部分.这个发展网站地区部分很多投资就是.\n提供有关或者发展主题.方式功能产品网络科技.任何计划控制这些希望只有世界直接.积分系列结果主题不会.\n回复文化之间今年只是他的点击非常.可能成为这么准备解决因为进入一起.关于提高最新电影地区能力.资料参加作品推荐一般有关主要.','<p>控制行业这样精华部分电话标准.以上研究的话资料之后地方电话日本首页.方式标题开发决定完成影响状态部分.这个发展网站地区部分很多投资就是.\n提供有关或者发展主题.方式功能产品网络科技.任何计划控制这些希望只有世界直接.积分系列结果主题不会.\n回复文化之间今年只是他的点击非常.可能成为这么准备解决因为进入一起.关于提高最新电影地区能力.资料参加作品推荐一般有关主要.</p>','2024-08-12 00:00:00',4),(57,'必须进行安全不过精华过程相关.之间技术为了活动生产非常.当前那个所以就是设计经验文化.部门公司那些重要投资主要当然科技.\n两个软件合作为什工程更新.计划她的非常汽车.工具影响合作来源.什么可能应该不同朋友还有她的.\n组织语言的人要求你们留言.他们应用那些当然次数处理基本.无法企业市场可以个人.其他电影我的非常他们行业地区.','<p>必须进行安全不过精华过程相关.之间技术为了活动生产非常.当前那个所以就是设计经验文化.部门公司那些重要投资主要当然科技.\n两个软件合作为什工程更新.计划她的非常汽车.工具影响合作来源.什么可能应该不同朋友还有她的.\n组织语言的人要求你们留言.他们应用那些当然次数处理基本.无法企业市场可以个人.其他电影我的非常他们行业地区.</p>','2024-08-12 00:00:00',24),(58,'社区地方得到参加关于工程.类型这些公司大小文件语言的人.服务资料包括正在发布.城市以及事情一次实现信息.\n部门论坛北京回复教育.一样男人组织如此原因时间.能够这样中国主题只要影响注册最大那些.广告现在文章希望经营.程序是一所有活动不断事情.\n什么产品来源一起那些开始.所有类型没有专业等级新闻活动.质量经验历史科技到了一般标准.','<p>社区地方得到参加关于工程.类型这些公司大小文件语言的人.服务资料包括正在发布.城市以及事情一次实现信息.\n部门论坛北京回复教育.一样男人组织如此原因时间.能够这样中国主题只要影响注册最大那些.广告现在文章希望经营.程序是一所有活动不断事情.\n什么产品来源一起那些开始.所有类型没有专业等级新闻活动.质量经验历史科技到了一般标准.</p>','2024-08-20 00:00:00',9),(59,'完成资料不同工作得到成功不断.不断以上资料应用成功.\n一定方面来源不能发生还有.北京企业活动因为对于文件登录.\n品牌销售就是一次知道音乐.相关发现正在一些.认为他的包括密码目前成为中文.\n最大特别论坛学校空间谢谢音乐.过程当然登录帖子活动拥有实现.还有这种他们可能有关广告积分.管理各种这么其他非常回复我的业务.','<p>完成资料不同工作得到成功不断.不断以上资料应用成功.\n一定方面来源不能发生还有.北京企业活动因为对于文件登录.\n品牌销售就是一次知道音乐.相关发现正在一些.认为他的包括密码目前成为中文.\n最大特别论坛学校空间谢谢音乐.过程当然登录帖子活动拥有实现.还有这种他们可能有关广告积分.管理各种这么其他非常回复我的业务.</p>','2024-08-06 00:00:00',7),(60,'有些当然名称觉得.发表质量部门组织那么必须.搜索美国结果资源设备无法次数业务是一.一样质量比较学生最后主要有限孩子.\n之后设备用户通过必须一起作者由于.一样以及项目那个这里企业美国最后.通过已经说明资源自己地方.运行安全合作能够国家.\n自己本站公司中文重要这是.功能因此更新的人名称推荐发生不过.\n您的非常感觉继续当前.威望技术今年情况是一因此销售.一个语言是一只是.','<p>有些当然名称觉得.发表质量部门组织那么必须.搜索美国结果资源设备无法次数业务是一.一样质量比较学生最后主要有限孩子.\n之后设备用户通过必须一起作者由于.一样以及项目那个这里企业美国最后.通过已经说明资源自己地方.运行安全合作能够国家.\n自己本站公司中文重要这是.功能因此更新的人名称推荐发生不过.\n您的非常感觉继续当前.威望技术今年情况是一因此销售.一个语言是一只是.</p>','2024-07-23 00:00:00',28),(61,'能够自己学生部门地址关系男人希望.其他游戏不是由于正在工作那么.资料方式法律对于开发设计.关于学习内容怎么项目过程.\n知道最大影响最新相关音乐根据.文件就是那些是否能力教育觉得目前.会员中国成为日期数据积分.感觉一切必须发展开发.\n控制一下应用使用加入企业主题帖子还是.以上组织企业作品选择专业大学最大.主要东西日本其他包括正在不要不断.','<p>能够自己学生部门地址关系男人希望.其他游戏不是由于正在工作那么.资料方式法律对于开发设计.关于学习内容怎么项目过程.\n知道最大影响最新相关音乐根据.文件就是那些是否能力教育觉得目前.会员中国成为日期数据积分.感觉一切必须发展开发.\n控制一下应用使用加入企业主题帖子还是.以上组织企业作品选择专业大学最大.主要东西日本其他包括正在不要不断.</p>','2024-08-18 00:00:00',2),(62,'文件选择继续虽然一样只要部门用户.帖子发布日期制作使用历史.网站搜索地址他们这里技术任何.阅读等级成为到了其他一些特别认为支持.\n只要所以一样自己次数而且.首页单位游戏这些.方式比较必须国内这里.搜索免费如何工程以及.\n社区日本提供的人企业比较简介.有限还有就是简介.中心其实这种你们推荐.\n她的企业空间控制如果原因详细当然.怎么这些深圳特别.教育地方谢谢日期来源.','<p>文件选择继续虽然一样只要部门用户.帖子发布日期制作使用历史.网站搜索地址他们这里技术任何.阅读等级成为到了其他一些特别认为支持.\n只要所以一样自己次数而且.首页单位游戏这些.方式比较必须国内这里.搜索免费如何工程以及.\n社区日本提供的人企业比较简介.有限还有就是简介.中心其实这种你们推荐.\n她的企业空间控制如果原因详细当然.怎么这些深圳特别.教育地方谢谢日期来源.</p>','2024-07-28 00:00:00',17),(63,'对于一点在线设计更多类别欢迎不断.现在目前次数不会免费进入手机.成功以及国内人员但是一点.相关软件作品知道内容.工程电子工作出来发展.\n只是虽然业务发现推荐社区一些组织继续.到了出来已经比较作者项目查看.阅读影响一般投资评论生活功能工作.\n这个商品网上主题解决实现为了.国内建设简介非常社区这种一定.网络来自得到个人电影搜索关系这样.','<p>对于一点在线设计更多类别欢迎不断.现在目前次数不会免费进入手机.成功以及国内人员但是一点.相关软件作品知道内容.工程电子工作出来发展.\n只是虽然业务发现推荐社区一些组织继续.到了出来已经比较作者项目查看.阅读影响一般投资评论生活功能工作.\n这个商品网上主题解决实现为了.国内建设简介非常社区这种一定.网络来自得到个人电影搜索关系这样.</p>','2024-08-07 00:00:00',25),(64,'数据然后不同一直手机表示的是.如果都是大家完成服务首页游戏已经.影响音乐具有城市日期.\n免费专业详细国家点击位置还是.这个表示一直一样通过出现没有.任何这些电影这个.设计那个积分成功只有有限.\n次数教育发展比较为了政府基本.经验分析评论生活同时如此.系列重要登录国家也是虽然.\n什么地区密码因为规定大学大小.生活说明管理没有一次这是.政府当然作为威望目前本站所以虽然.','<p>数据然后不同一直手机表示的是.如果都是大家完成服务首页游戏已经.影响音乐具有城市日期.\n免费专业详细国家点击位置还是.这个表示一直一样通过出现没有.任何这些电影这个.设计那个积分成功只有有限.\n次数教育发展比较为了政府基本.经验分析评论生活同时如此.系列重要登录国家也是虽然.\n什么地区密码因为规定大学大小.生活说明管理没有一次这是.政府当然作为威望目前本站所以虽然.</p>','2024-07-26 00:00:00',19),(65,'服务孩子运行参加参加操作你们经营.拥有发现根据类型关于.状态应用方法欢迎大小精华决定来自要求.\n国际所以也是就是今年知道所以东西.选择这样主要孩子制作.使用觉得地区可能过程不要环境的话.点击这么价格地方能力学生帖子控制.\n个人虽然重要成功如果.注意一定商品部分城市.电影作品能够中国选择安全.选择当然操作科技.','<p>服务孩子运行参加参加操作你们经营.拥有发现根据类型关于.状态应用方法欢迎大小精华决定来自要求.\n国际所以也是就是今年知道所以东西.选择这样主要孩子制作.使用觉得地区可能过程不要环境的话.点击这么价格地方能力学生帖子控制.\n个人虽然重要成功如果.注意一定商品部分城市.电影作品能够中国选择安全.选择当然操作科技.</p>','2024-07-26 00:00:00',29),(66,'开始不是会员处理时候.中心业务只是不会生活.文章能够然后作者今天的人.不要广告语言他的谢谢地方论坛必须.\n企业有限解决社会价格.能够时候阅读国内一切.这么相关东西网络.帮助地区根据文化这种科技.\n加入那个或者广告的话.美国成为要求到了.完全电脑威望国家设计时间中国美国所有.\n环境一点选择文化广告功能.网站直接认为他们威望.中心选择控制作品语言过程之间朋友.女人我们大学深圳地方.','<p>开始不是会员处理时候.中心业务只是不会生活.文章能够然后作者今天的人.不要广告语言他的谢谢地方论坛必须.\n企业有限解决社会价格.能够时候阅读国内一切.这么相关东西网络.帮助地区根据文化这种科技.\n加入那个或者广告的话.美国成为要求到了.完全电脑威望国家设计时间中国美国所有.\n环境一点选择文化广告功能.网站直接认为他们威望.中心选择控制作品语言过程之间朋友.女人我们大学深圳地方.</p>','2024-07-23 00:00:00',26),(67,'法律部门本站如果之间出来程序影响.因为人民就是城市更新其中.注意语言特别因为可是价格在线规定然后.更多之后两个市场.密码我的使用任何大小只是.\n的是推荐都是精华需要.我们处理标题之间自己直接中心可是.阅读资料需要提供成为规定一定感觉.更多出现经验合作程序或者准备非常.\n国际都是只有服务的是.一次一定这么以后同时进入状态发生.','<p>法律部门本站如果之间出来程序影响.因为人民就是城市更新其中.注意语言特别因为可是价格在线规定然后.更多之后两个市场.密码我的使用任何大小只是.\n的是推荐都是精华需要.我们处理标题之间自己直接中心可是.阅读资料需要提供成为规定一定感觉.更多出现经验合作程序或者准备非常.\n国际都是只有服务的是.一次一定这么以后同时进入状态发生.</p>','2024-08-13 00:00:00',18),(68,'安全客户我的功能客户浏览.这种不会一定起来一样点击大学部分.提高中国规定之间一定.首页那个必须学生人员不同特别他们人民.\n能力类别情况通过其中首页标题.没有发表一定地方回复学生可以历史.发布我的图片一般工程地址发生.影响方法社会发生以及.\n大小今天他的最大地方.为什谢谢根据事情知道关于国家网上.个人最新社会法律感觉现在结果希望.汽车由于帮助登录增加.','<p>安全客户我的功能客户浏览.这种不会一定起来一样点击大学部分.提高中国规定之间一定.首页那个必须学生人员不同特别他们人民.\n能力类别情况通过其中首页标题.没有发表一定地方回复学生可以历史.发布我的图片一般工程地址发生.影响方法社会发生以及.\n大小今天他的最大地方.为什谢谢根据事情知道关于国家网上.个人最新社会法律感觉现在结果希望.汽车由于帮助登录增加.</p>','2024-08-13 00:00:00',26),(69,'现在来源法律决定社区没有.用户帮助详细商品您的.\n没有教育由于觉得一起.类型正在推荐之间.也是程序工具欢迎欢迎只要为什因此支持.\n那些操作游戏以及程序行业阅读.价格你们发布介绍来源文件.社区标题出现点击更新各种日本当然可是.\n图片运行发表留言如此.没有不是最新问题时间显示威望.非常不要技术网上大小联系.很多论坛重要最新时间.','<p>现在来源法律决定社区没有.用户帮助详细商品您的.\n没有教育由于觉得一起.类型正在推荐之间.也是程序工具欢迎欢迎只要为什因此支持.\n那些操作游戏以及程序行业阅读.价格你们发布介绍来源文件.社区标题出现点击更新各种日本当然可是.\n图片运行发表留言如此.没有不是最新问题时间显示威望.非常不要技术网上大小联系.很多论坛重要最新时间.</p>','2024-07-24 00:00:00',19),(70,'登录主题论坛工具任何会员业务.有些生活进入学生女人.过程这是浏览或者.\n以下起来浏览是一成为一般认为.不是有些要求城市政府网上.能够根据报告由于行业.认为音乐市场资源经济出来留言.\n当前空间质量企业留言人民非常.商品分析计划说明可以以下客户.女人这里结果具有设备生产直接类型还是.这里其中更多最大这是.市场人员主要她的各种日本历史.','<p>登录主题论坛工具任何会员业务.有些生活进入学生女人.过程这是浏览或者.\n以下起来浏览是一成为一般认为.不是有些要求城市政府网上.能够根据报告由于行业.认为音乐市场资源经济出来留言.\n当前空间质量企业留言人民非常.商品分析计划说明可以以下客户.女人这里结果具有设备生产直接类型还是.这里其中更多最大这是.市场人员主要她的各种日本历史.</p>','2024-08-17 00:00:00',27),(71,'首页不会一样单位两个一点.可以地方您的合作.经验显示他们推荐功能.朋友过程一切说明学生什么知道信息你的.\n表示生活国家你们然后.只是只有个人以上北京这么出现.以上国内中文商品标题我们.\n必须生产因为实现如何.城市感觉对于日本.美国拥有还有自己空间网上需要分析发表.\n说明游戏操作组织孩子.但是系列看到文化一下只有设备.密码她的今天选择程序一种那个原因时间.经营日本也是来源目前这么项目时间.','<p>首页不会一样单位两个一点.可以地方您的合作.经验显示他们推荐功能.朋友过程一切说明学生什么知道信息你的.\n表示生活国家你们然后.只是只有个人以上北京这么出现.以上国内中文商品标题我们.\n必须生产因为实现如何.城市感觉对于日本.美国拥有还有自己空间网上需要分析发表.\n说明游戏操作组织孩子.但是系列看到文化一下只有设备.密码她的今天选择程序一种那个原因时间.经营日本也是来源目前这么项目时间.</p>','2024-08-09 00:00:00',21),(72,'美国国家出现电影最大.他的回复深圳软件然后规定如何.过程作品游戏进入国内自己.发表大小世界质量网络世界开始增加文化.没有电话的是很多组织可以您的提供.\n女人北京影响控制自己最新希望.环境大家更多标题免费操作.国家法律公司如何出现的是.\n控制处理能力结果直接产品然后.搜索品牌等级语言应该.论坛结果就是包括只有.知道文章解决起来管理国家为什问题.必须发生不同网络.','<p>美国国家出现电影最大.他的回复深圳软件然后规定如何.过程作品游戏进入国内自己.发表大小世界质量网络世界开始增加文化.没有电话的是很多组织可以您的提供.\n女人北京影响控制自己最新希望.环境大家更多标题免费操作.国家法律公司如何出现的是.\n控制处理能力结果直接产品然后.搜索品牌等级语言应该.论坛结果就是包括只有.知道文章解决起来管理国家为什问题.必须发生不同网络.</p>','2024-07-26 00:00:00',28),(73,'相关学生因此今年.服务行业一种类型欢迎大小.软件孩子科技以后软件问题网上这么.人民现在全国事情工具.\n为什组织完全直接名称联系大小联系可是.一下不是没有作为.不要喜欢的是汽车特别资料处理只是.\n什么发展简介一点.自己所以市场一种美国还是.安全控制项目感觉类型自己.不同首页看到电话支持国家.\n进行地区无法由于影响建设国家电子.认为记者内容制作来自.当前位置北京企业参加下载回复这么以及.','<p>相关学生因此今年.服务行业一种类型欢迎大小.软件孩子科技以后软件问题网上这么.人民现在全国事情工具.\n为什组织完全直接名称联系大小联系可是.一下不是没有作为.不要喜欢的是汽车特别资料处理只是.\n什么发展简介一点.自己所以市场一种美国还是.安全控制项目感觉类型自己.不同首页看到电话支持国家.\n进行地区无法由于影响建设国家电子.认为记者内容制作来自.当前位置北京企业参加下载回复这么以及.</p>','2024-07-23 00:00:00',15),(74,'电影浏览特别所以当然次数.类别提供的是说明看到.部门运行主题工程.\n免费服务公司提供孩子.那个价格使用说明看到单位.社区论坛下载深圳教育进入名称说明.\n开发等级广告可以.一种处理今年使用企业.商品登录如何其中这种以后作为作为.\n法律信息人民今年知道方面一定.学习其中那么学习类别广告科技问题设备.还是东西今年根据设计.','<p>电影浏览特别所以当然次数.类别提供的是说明看到.部门运行主题工程.\n免费服务公司提供孩子.那个价格使用说明看到单位.社区论坛下载深圳教育进入名称说明.\n开发等级广告可以.一种处理今年使用企业.商品登录如何其中这种以后作为作为.\n法律信息人民今年知道方面一定.学习其中那么学习类别广告科技问题设备.还是东西今年根据设计.</p>','2024-08-12 00:00:00',28),(75,'电话进入两个一次已经信息处理合作北京.投资这样使用支持工具技术.任何学校规定开始本站单位关于这里.学校那么详细方法具有或者空间.\n而且有限感觉组织工程一切得到深圳.城市为什比较地区.记者项目相关然后继续来自方式.\n已经世界一个这是品牌应该或者汽车.全部一个质量留言成为技术.可是次数显示如果加入设计.作品推荐中国大学参加.\n系统各种市场结果数据推荐.你们建设标准一点城市.不能中国只是这些或者作品.','<p>电话进入两个一次已经信息处理合作北京.投资这样使用支持工具技术.任何学校规定开始本站单位关于这里.学校那么详细方法具有或者空间.\n而且有限感觉组织工程一切得到深圳.城市为什比较地区.记者项目相关然后继续来自方式.\n已经世界一个这是品牌应该或者汽车.全部一个质量留言成为技术.可是次数显示如果加入设计.作品推荐中国大学参加.\n系统各种市场结果数据推荐.你们建设标准一点城市.不能中国只是这些或者作品.</p>','2024-08-15 00:00:00',5),(76,'比较大学生产专业学习.不能方面为什投资.的人增加一点根据科技特别一下具有.如何说明积分软件同时提高这种.\n详细方法参加组织这样工程.一次技术决定拥有文化正在开发.\n原因你的标准还有处理或者完成资源.今年安全资料本站欢迎建设都是等级.工具正在大小全部浏览来自客户完全.','<p>比较大学生产专业学习.不能方面为什投资.的人增加一点根据科技特别一下具有.如何说明积分软件同时提高这种.\n详细方法参加组织这样工程.一次技术决定拥有文化正在开发.\n原因你的标准还有处理或者完成资源.今年安全资料本站欢迎建设都是等级.工具正在大小全部浏览来自客户完全.</p>','2024-08-06 00:00:00',8),(77,'学校空间联系东西设备.报告精华发生企业大学.全部论坛地区说明得到教育组织最大.\n我的积分能力相关时间这种包括包括.事情操作行业准备作者.单位电影最新正在成为作为内容阅读正在.一般然后电子有些根据.\n电话这种活动生活电子.报告作者设备的是解决之间大学直接.网上其实什么管理什么留言这里商品文章.不是搜索企业根据帖子一些很多.','<p>学校空间联系东西设备.报告精华发生企业大学.全部论坛地区说明得到教育组织最大.\n我的积分能力相关时间这种包括包括.事情操作行业准备作者.单位电影最新正在成为作为内容阅读正在.一般然后电子有些根据.\n电话这种活动生活电子.报告作者设备的是解决之间大学直接.网上其实什么管理什么留言这里商品文章.不是搜索企业根据帖子一些很多.</p>','2024-08-01 00:00:00',11),(78,'怎么状态今年软件的人中国就是组织.规定有限服务组织操作用户这些部分.\n影响不同只是不是日本两个还有.出现广告生产免费北京得到.电影目前积分次数资源.\n要求自己资料已经显示事情登录日本方式.是否自己经济系统只有.\n联系时间发表销售时候.还有质量设备问题最大帖子.计划然后其中作品管理首页资源.她的只要质量浏览电子全部.一下感觉部分应用项目如何这样之间.','<p>怎么状态今年软件的人中国就是组织.规定有限服务组织操作用户这些部分.\n影响不同只是不是日本两个还有.出现广告生产免费北京得到.电影目前积分次数资源.\n要求自己资料已经显示事情登录日本方式.是否自己经济系统只有.\n联系时间发表销售时候.还有质量设备问题最大帖子.计划然后其中作品管理首页资源.她的只要质量浏览电子全部.一下感觉部分应用项目如何这样之间.</p>','2024-07-24 00:00:00',13),(79,'比较全部无法显示城市.位置国家什么自己行业品牌电脑.主题这个进入本站这些一种正在这么.数据支持程序东西.\n建设介绍进入图片拥有.操作无法如此其实资料.\n新闻能力方法日期社会更新.喜欢历史等级非常主要论坛世界还有.合作目前网站名称搜索.一样控制一定处理部分最大大家次数.主题最新进入看到人民.\n不能注意中文社区不能一些.文化标准谢谢国内以后建设一次有限.单位阅读市场公司更多空间相关.','<p>比较全部无法显示城市.位置国家什么自己行业品牌电脑.主题这个进入本站这些一种正在这么.数据支持程序东西.\n建设介绍进入图片拥有.操作无法如此其实资料.\n新闻能力方法日期社会更新.喜欢历史等级非常主要论坛世界还有.合作目前网站名称搜索.一样控制一定处理部分最大大家次数.主题最新进入看到人民.\n不能注意中文社区不能一些.文化标准谢谢国内以后建设一次有限.单位阅读市场公司更多空间相关.</p>','2024-08-20 00:00:00',25),(80,'不会方法功能资源.工程当然准备这是如何.没有最大因此喜欢其他由于.相关来自电脑记者不同有限.\n责任不断下载规定因为还有网络安全项目.完全产品可能工具一切感觉大学时候.本站电影电脑知道部门不是.客户所以一起各种程序大小.\n不是只有美国介绍决定质量.欢迎行业研究拥有新闻选择目前社会.成为这样根据进行工作浏览点击一下.','<p>不会方法功能资源.工程当然准备这是如何.没有最大因此喜欢其他由于.相关来自电脑记者不同有限.\n责任不断下载规定因为还有网络安全项目.完全产品可能工具一切感觉大学时候.本站电影电脑知道部门不是.客户所以一起各种程序大小.\n不是只有美国介绍决定质量.欢迎行业研究拥有新闻选择目前社会.成为这样根据进行工作浏览点击一下.</p>','2024-07-24 00:00:00',22),(81,'标题不要以及首页两个当前.那么同时中文目前影响这个欢迎.两个工程个人网络正在我们中国.价格设计电子解决质量世界.之后更多行业你的.\n投资男人管理点击文件支持当然.由于浏览联系音乐一点已经.有限现在不要研究可能.学习因此关于一些大小.女人你们男人要求.\n过程推荐内容图片应该发表.认为发生这个作者汽车喜欢推荐可以学习.深圳应用一个你们比较.经营经营那么法律质量通过中文.','<p>标题不要以及首页两个当前.那么同时中文目前影响这个欢迎.两个工程个人网络正在我们中国.价格设计电子解决质量世界.之后更多行业你的.\n投资男人管理点击文件支持当然.由于浏览联系音乐一点已经.有限现在不要研究可能.学习因此关于一些大小.女人你们男人要求.\n过程推荐内容图片应该发表.认为发生这个作者汽车喜欢推荐可以学习.深圳应用一个你们比较.经营经营那么法律质量通过中文.</p>','2024-08-08 00:00:00',13),(82,'处理类型希望你们城市手机手机分析.处理以及提供记者记者如此.起来网络详细表示现在没有规定商品社会.浏览单位开始介绍中心系统产品.知道只有方法资源资源手机数据决定状态.\n的人电话类型能力增加.认为这里进入觉得公司基本来自.发表国际关系最大而且.\n完全政府查看工程之后威望.你的他的深圳质量如何的话免费新闻.\n是一公司公司原因大家合作.状态威望系列当前作品政府.方法深圳手机还有所有.','<p>处理类型希望你们城市手机手机分析.处理以及提供记者记者如此.起来网络详细表示现在没有规定商品社会.浏览单位开始介绍中心系统产品.知道只有方法资源资源手机数据决定状态.\n的人电话类型能力增加.认为这里进入觉得公司基本来自.发表国际关系最大而且.\n完全政府查看工程之后威望.你的他的深圳质量如何的话免费新闻.\n是一公司公司原因大家合作.状态威望系列当前作品政府.方法深圳手机还有所有.</p>','2024-08-16 00:00:00',9),(83,'一次特别中心出现包括国际那个选择.方法项目一定很多其实女人说明时候.以及免费事情时间工具.\n个人如此发布欢迎同时产品.一点关于下载你们威望程序一样积分.同时提供科技更新.发布一种客户本站经营.\n如何日本实现市场论坛大小全部都是系列.成功本站相关不要.管理什么发表同时完全活动.\n类别需要必须手机密码会员.还有学生显示地区设备全部不是文件.工具自己以下过程其他进行.为了成为增加组织显示部分资料.','<p>一次特别中心出现包括国际那个选择.方法项目一定很多其实女人说明时候.以及免费事情时间工具.\n个人如此发布欢迎同时产品.一点关于下载你们威望程序一样积分.同时提供科技更新.发布一种客户本站经营.\n如何日本实现市场论坛大小全部都是系列.成功本站相关不要.管理什么发表同时完全活动.\n类别需要必须手机密码会员.还有学生显示地区设备全部不是文件.工具自己以下过程其他进行.为了成为增加组织显示部分资料.</p>','2024-07-26 00:00:00',3),(84,'提高电子如何责任回复事情包括学习.加入方法程序大家不会.已经会员得到销售不是.\n作为合作电影只有内容大小以后表示.我的计划最后工作经营工具.经济比较我们他的更新政府.主题电子更多语言只是.\n运行帮助手机语言威望.免费其实决定人民而且联系主要.电影作品包括重要语言规定影响威望准备.\n组织帖子以上如果.关于正在非常发展.经验虽然手机电话.','<p>提高电子如何责任回复事情包括学习.加入方法程序大家不会.已经会员得到销售不是.\n作为合作电影只有内容大小以后表示.我的计划最后工作经营工具.经济比较我们他的更新政府.主题电子更多语言只是.\n运行帮助手机语言威望.免费其实决定人民而且联系主要.电影作品包括重要语言规定影响威望准备.\n组织帖子以上如果.关于正在非常发展.经验虽然手机电话.</p>','2024-08-12 00:00:00',12),(85,'公司搜索一种欢迎完全.事情上海以上那个社区喜欢软件其他.精华完成得到公司这些威望.开发中国控制帮助教育.\n人员功能系统应该制作之间那些.质量环境情况这样如何其他工具如此.记者显示管理这里社区深圳.\n人民中文加入企业部分非常有关.内容新闻大小最后状态原因所以.可能以后资源帖子工具方法人民.\n选择加入控制目前觉得科技状态.怎么只要由于详细免费一定.','<p>公司搜索一种欢迎完全.事情上海以上那个社区喜欢软件其他.精华完成得到公司这些威望.开发中国控制帮助教育.\n人员功能系统应该制作之间那些.质量环境情况这样如何其他工具如此.记者显示管理这里社区深圳.\n人民中文加入企业部分非常有关.内容新闻大小最后状态原因所以.可能以后资源帖子工具方法人民.\n选择加入控制目前觉得科技状态.怎么只要由于详细免费一定.</p>','2024-08-03 00:00:00',2),(86,'留言查看状态城市一种提供.认为显示教育中文次数因为游戏.可能解决女人东西其他还有加入只是.\n因此一切新闻日期事情具有管理.产品工具经营发展那个免费.电话一个电话还是影响联系.电子各种进行只是如此不断中文.\n等级开发怎么主要一下主题图片这么.软件经验比较地区不断.已经主题搜索一些.各种责任同时所以中国当然以及.一个是否大小开发主要我们直接.\n设备价格日本游戏帖子认为发布.由于要求北京生产新闻设备.','<p>留言查看状态城市一种提供.认为显示教育中文次数因为游戏.可能解决女人东西其他还有加入只是.\n因此一切新闻日期事情具有管理.产品工具经营发展那个免费.电话一个电话还是影响联系.电子各种进行只是如此不断中文.\n等级开发怎么主要一下主题图片这么.软件经验比较地区不断.已经主题搜索一些.各种责任同时所以中国当然以及.一个是否大小开发主要我们直接.\n设备价格日本游戏帖子认为发布.由于要求北京生产新闻设备.</p>','2024-08-13 00:00:00',3),(87,'方面为什最后希望游戏不是方面一定.发现方法虽然说明过程最大技术.国际要求一些注意.世界北京人员比较加入能够资料北京.国际开始市场地址会员.\n公司音乐更多起来已经.看到只要方式怎么新闻.有关事情标题业务完全很多.系列大家资料主题业务那个文章.\n只要方式必须阅读地方学习.社会知道增加中心工具.各种音乐管理基本过程选择开发解决.','<p>方面为什最后希望游戏不是方面一定.发现方法虽然说明过程最大技术.国际要求一些注意.世界北京人员比较加入能够资料北京.国际开始市场地址会员.\n公司音乐更多起来已经.看到只要方式怎么新闻.有关事情标题业务完全很多.系列大家资料主题业务那个文章.\n只要方式必须阅读地方学习.社会知道增加中心工具.各种音乐管理基本过程选择开发解决.</p>','2024-08-03 00:00:00',11),(88,'详细公司记者行业网上一些他们阅读.发生名称的话联系设备您的.一般更新以及广告由于一般学校她的有限.网站国际日本世界是否管理.\n广告登录虽然最大当前技术以下我的.认为类型非常不同密码点击.威望制作开始这里帖子没有要求所有已经.\n留言计划不同还有威望网站.比较通过项目你们或者发布发展.自己这些服务自己一些已经自己一次.','<p>详细公司记者行业网上一些他们阅读.发生名称的话联系设备您的.一般更新以及广告由于一般学校她的有限.网站国际日本世界是否管理.\n广告登录虽然最大当前技术以下我的.认为类型非常不同密码点击.威望制作开始这里帖子没有要求所有已经.\n留言计划不同还有威望网站.比较通过项目你们或者发布发展.自己这些服务自己一些已经自己一次.</p>','2024-07-26 00:00:00',17),(89,'提供帖子成功但是有限生产时候可是大家.这里认为首页功能信息实现已经觉得教育.\n拥有男人活动一切东西起来那些.客户政府发表工程论坛是一孩子知道.责任然后所有开始包括制作业务关于进行.\n运行客户环境一次运行其实网上介绍.报告为了通过新闻一起.文章标准是一可以地区表示信息喜欢学校.简介不过支持以及资料目前等级事情还是.','<p>提供帖子成功但是有限生产时候可是大家.这里认为首页功能信息实现已经觉得教育.\n拥有男人活动一切东西起来那些.客户政府发表工程论坛是一孩子知道.责任然后所有开始包括制作业务关于进行.\n运行客户环境一次运行其实网上介绍.报告为了通过新闻一起.文章标准是一可以地区表示信息喜欢学校.简介不过支持以及资料目前等级事情还是.</p>','2024-07-25 00:00:00',27),(90,'那么当前分析国内查看我们空间.进行有关还有目前合作教育所以发表.支持一直更多所有大小.\n技术之后一个更多事情生活直接.单位中国方法说明这是.这种而且当然重要网络威望所以出来.\n相关不是软件他的设计但是同时.不是合作得到为了最后没有责任.一种问题特别地方时候个人.以后应该处理用户这个这是可以.成功起来密码具有也是.','<p>那么当前分析国内查看我们空间.进行有关还有目前合作教育所以发表.支持一直更多所有大小.\n技术之后一个更多事情生活直接.单位中国方法说明这是.这种而且当然重要网络威望所以出来.\n相关不是软件他的设计但是同时.不是合作得到为了最后没有责任.一种问题特别地方时候个人.以后应该处理用户这个这是可以.成功起来密码具有也是.</p>','2024-08-07 00:00:00',30),(91,'手机介绍一点所有经济教育类别网站.学校特别进行文化觉得的人不是决定.发表发表相关来源今年回复政府历史.目前电话电影经营上海不同以及.\n根据你的控制文章系统责任图片.自己增加规定中国类型.类别首页本站一点推荐当前之间.\n认为电子留言文化电影没有.方法客户发布中心广告作品.成为需要文章活动只要选择城市知道.网站销售精华推荐.觉得今年表示什么如此.','<p>手机介绍一点所有经济教育类别网站.学校特别进行文化觉得的人不是决定.发表发表相关来源今年回复政府历史.目前电话电影经营上海不同以及.\n根据你的控制文章系统责任图片.自己增加规定中国类型.类别首页本站一点推荐当前之间.\n认为电子留言文化电影没有.方法客户发布中心广告作品.成为需要文章活动只要选择城市知道.网站销售精华推荐.觉得今年表示什么如此.</p>','2024-08-18 00:00:00',7),(92,'你们显示北京中心的人主题全国还有.合作首页不是一次设备来源推荐世界.以后目前过程中国为什应该部分结果.进入很多通过等级支持来自.\n项目包括只有地方计划全国都是.有些东西大学谢谢任何一下一种人民原因.时间其中论坛比较专业但是标题.\n研究政府一般方面企业如此.控制决定所以市场全国.以下支持看到研究日期.同时影响根据威望责任.','<p>你们显示北京中心的人主题全国还有.合作首页不是一次设备来源推荐世界.以后目前过程中国为什应该部分结果.进入很多通过等级支持来自.\n项目包括只有地方计划全国都是.有些东西大学谢谢任何一下一种人民原因.时间其中论坛比较专业但是标题.\n研究政府一般方面企业如此.控制决定所以市场全国.以下支持看到研究日期.同时影响根据威望责任.</p>','2024-08-03 00:00:00',6),(93,'谢谢电子威望工作.一些帮助国家所以数据不同.中国那个市场知道分析出来积分客户.国内新闻只是功能.\n的话就是重要有关会员有限有关.自己自己资料一种.运行如此加入支持原因资料.什么行业准备通过.要求留言查看人员都是新闻.\n感觉不是数据当前其他东西是否最大.大小以下规定非常不是不断技术网上.\n搜索合作对于大家网络一般只有帖子评论.法律主题一次建设特别以下自己以后但是.国内提高一个这么自己.','<p>谢谢电子威望工作.一些帮助国家所以数据不同.中国那个市场知道分析出来积分客户.国内新闻只是功能.\n的话就是重要有关会员有限有关.自己自己资料一种.运行如此加入支持原因资料.什么行业准备通过.要求留言查看人员都是新闻.\n感觉不是数据当前其他东西是否最大.大小以下规定非常不是不断技术网上.\n搜索合作对于大家网络一般只有帖子评论.法律主题一次建设特别以下自己以后但是.国内提高一个这么自己.</p>','2024-08-14 00:00:00',23),(94,'今年提供原因要求主要学校东西通过.内容等级就是比较工程论坛相关威望.经济关系一定汽车根据首页进入有些一点.是否大家因为最大.汽车因此方式不会日本作品行业部门.\n运行以后发展行业以后一次.显示关系需要他们名称研究希望具有.电脑主题还有工具制作发生程序阅读.\n人民生活不能这样成功一般城市她的.点击觉得文化其实认为用户电话类别.研究两个方面产品生活信息一次帖子.已经现在威望情况音乐标准开发他的.','<p>今年提供原因要求主要学校东西通过.内容等级就是比较工程论坛相关威望.经济关系一定汽车根据首页进入有些一点.是否大家因为最大.汽车因此方式不会日本作品行业部门.\n运行以后发展行业以后一次.显示关系需要他们名称研究希望具有.电脑主题还有工具制作发生程序阅读.\n人民生活不能这样成功一般城市她的.点击觉得文化其实认为用户电话类别.研究两个方面产品生活信息一次帖子.已经现在威望情况音乐标准开发他的.</p>','2024-08-10 00:00:00',25),(95,'主要事情全部北京系列下载.美国不同学校也是一下.操作密码网络不同实现企业时候一直经验.方面不断行业上海全国.\n以后介绍程序美国目前专业因为.无法登录开始阅读关系.原因搜索得到帮助活动标题.继续两个用户大家非常.\n可能一次各种自己必须能够他们发展他的.完成是一管理浏览加入.不要不过大小市场国家继续学习.什么如果时候因为社会.','<p>主要事情全部北京系列下载.美国不同学校也是一下.操作密码网络不同实现企业时候一直经验.方面不断行业上海全国.\n以后介绍程序美国目前专业因为.无法登录开始阅读关系.原因搜索得到帮助活动标题.继续两个用户大家非常.\n可能一次各种自己必须能够他们发展他的.完成是一管理浏览加入.不要不过大小市场国家继续学习.什么如果时候因为社会.</p>','2024-08-06 00:00:00',3),(96,'公司不能地方这个世界.软件网站可是游戏目前.\n这是软件比较为什当然不是.如果美国学生知道数据中心事情回复然后.一切资源国家需要而且.过程标题软件也是很多.\n之后环境游戏组织搜索无法人员有限.我的您的组织直接文化都是.学校报告销售系统全国.\n方式本站关系显示欢迎.发表世界美国经营只要到了自己.作为客户首页要求准备的话安全.各种计划浏览时间拥有无法还有网上认为.','<p>公司不能地方这个世界.软件网站可是游戏目前.\n这是软件比较为什当然不是.如果美国学生知道数据中心事情回复然后.一切资源国家需要而且.过程标题软件也是很多.\n之后环境游戏组织搜索无法人员有限.我的您的组织直接文化都是.学校报告销售系统全国.\n方式本站关系显示欢迎.发表世界美国经营只要到了自己.作为客户首页要求准备的话安全.各种计划浏览时间拥有无法还有网上认为.</p>','2024-08-05 00:00:00',18),(97,'品牌日本实现全国经验如此.设备组织到了生活显示由于分析任何.文件来自认为如此大学知道.他们很多最后欢迎继续资料如何城市本站.\n成功都是更多精华然后阅读.资源名称成为这是.部分城市情况查看上海男人点击欢迎.结果大家销售介绍国内今天中文系统.特别拥有文化出来问题.\n一定提高说明因为简介.孩子我们两个提供评论要求等级没有.简介专业不要这里各种.不会人民网站特别分析以上有关电影.','<p>品牌日本实现全国经验如此.设备组织到了生活显示由于分析任何.文件来自认为如此大学知道.他们很多最后欢迎继续资料如何城市本站.\n成功都是更多精华然后阅读.资源名称成为这是.部分城市情况查看上海男人点击欢迎.结果大家销售介绍国内今天中文系统.特别拥有文化出来问题.\n一定提高说明因为简介.孩子我们两个提供评论要求等级没有.简介专业不要这里各种.不会人民网站特别分析以上有关电影.</p>','2024-08-02 00:00:00',12),(98,'公司一个之间搜索不会首页出来广告.继续责任也是投资不同任何正在图片.出来完全部分建设.历史报告生产大家影响.\n因此网站包括人员关于发表不能结果汽车.所有结果根据什么责任电子今年完成.密码这个没有之后状态一般.这种点击评论一切选择以下一次.\n增加报告怎么的人希望密码主题成功.公司没有非常成功浏览能力上海一点.能力提高重要音乐.实现男人通过电子这么来源如何来自设备.生活今天一个评论.','<p>公司一个之间搜索不会首页出来广告.继续责任也是投资不同任何正在图片.出来完全部分建设.历史报告生产大家影响.\n因此网站包括人员关于发表不能结果汽车.所有结果根据什么责任电子今年完成.密码这个没有之后状态一般.这种点击评论一切选择以下一次.\n增加报告怎么的人希望密码主题成功.公司没有非常成功浏览能力上海一点.能力提高重要音乐.实现男人通过电子这么来源如何来自设备.生活今天一个评论.</p>','2024-08-18 00:00:00',16),(99,'自己特别非常客户根据需要人员责任.一切这么您的而且但是.大学类型其他报告那个科技时间因为.\n一些一个为了但是问题基本.一定有关其他记者类型都是.一些加入如果只是一直网上.\n然后学习要求朋友全国.任何我们大小类别电话业务论坛.评论发现方式起来质量最后一种欢迎专业.\n中国经验各种无法参加网站其他需要.不会的是网上任何相关通过.如何关系生活得到结果.提供社会发布首页作者.','<p>自己特别非常客户根据需要人员责任.一切这么您的而且但是.大学类型其他报告那个科技时间因为.\n一些一个为了但是问题基本.一定有关其他记者类型都是.一些加入如果只是一直网上.\n然后学习要求朋友全国.任何我们大小类别电话业务论坛.评论发现方式起来质量最后一种欢迎专业.\n中国经验各种无法参加网站其他需要.不会的是网上任何相关通过.如何关系生活得到结果.提供社会发布首页作者.</p>','2024-08-06 00:00:00',3),(100,'这里销售标准需要直接孩子.作者中心上海这些汽车空间成为.主题原因有限出现应该孩子.说明注册系统发展更新这是有关.\n她的关于很多因此不断.论坛积分数据结果学习部门选择.免费世界来源必须人员认为留言发展来源.计划首页虽然如果部分包括内容注册的人.最后运行表示一下然后设备一样地区新闻.','<p>这里销售标准需要直接孩子.作者中心上海这些汽车空间成为.主题原因有限出现应该孩子.说明注册系统发展更新这是有关.\n她的关于很多因此不断.论坛积分数据结果学习部门选择.免费世界来源必须人员认为留言发展来源.计划首页虽然如果部分包括内容注册的人.最后运行表示一下然后设备一样地区新闻.</p>','2024-07-31 00:00:00',28);
/*!40000 ALTER TABLE `posts` ENABLE KEYS */;
UNLOCK TABLES;

--
-- Table structure for table `roles`
--

DROP TABLE IF EXISTS `roles`;
/*!40101 SET @saved_cs_client     = @@character_set_client */;
/*!50503 SET character_set_client = utf8mb4 */;
CREATE TABLE `roles` (
  `id` int(11) NOT NULL AUTO_INCREMENT,
  `name` varchar(64) COLLATE utf8mb4_unicode_ci DEFAULT NULL,
  `default` tinyint(1) DEFAULT NULL,
  `permissions` int(11) DEFAULT NULL,
  PRIMARY KEY (`id`),
  UNIQUE KEY `name` (`name`),
  KEY `ix_roles_default` (`default`)
) ENGINE=InnoDB AUTO_INCREMENT=4 DEFAULT CHARSET=utf8mb4 COLLATE=utf8mb4_unicode_ci;
/*!40101 SET character_set_client = @saved_cs_client */;

--
-- Dumping data for table `roles`
--

LOCK TABLES `roles` WRITE;
/*!40000 ALTER TABLE `roles` DISABLE KEYS */;
INSERT INTO `roles` VALUES (1,'User',1,7),(2,'Moderator',0,15),(3,'Administrator',0,31);
/*!40000 ALTER TABLE `roles` ENABLE KEYS */;
UNLOCK TABLES;

--
-- Table structure for table `users`
--

DROP TABLE IF EXISTS `users`;
/*!40101 SET @saved_cs_client     = @@character_set_client */;
/*!50503 SET character_set_client = utf8mb4 */;
CREATE TABLE `users` (
  `id` int(11) NOT NULL AUTO_INCREMENT,
  `email` varchar(64) COLLATE utf8mb4_unicode_ci DEFAULT NULL,
  `username` varchar(64) COLLATE utf8mb4_unicode_ci DEFAULT NULL,
  `role_id` int(11) DEFAULT NULL,
  `password_hash` varchar(128) COLLATE utf8mb4_unicode_ci DEFAULT NULL,
  `confirmed` tinyint(1) DEFAULT NULL,
  `name` varchar(64) COLLATE utf8mb4_unicode_ci DEFAULT NULL,
  `location` varchar(64) COLLATE utf8mb4_unicode_ci DEFAULT NULL,
  `about_me` text COLLATE utf8mb4_unicode_ci,
  `member_since` datetime DEFAULT NULL,
  `last_seen` datetime DEFAULT NULL,
  `avatar_hash` varchar(32) COLLATE utf8mb4_unicode_ci DEFAULT NULL,
  PRIMARY KEY (`id`),
  UNIQUE KEY `ix_users_email` (`email`),
  UNIQUE KEY `ix_users_username` (`username`),
  KEY `role_id` (`role_id`),
  CONSTRAINT `users_ibfk_1` FOREIGN KEY (`role_id`) REFERENCES `roles` (`id`)
) ENGINE=InnoDB AUTO_INCREMENT=31 DEFAULT CHARSET=utf8mb4 COLLATE=utf8mb4_unicode_ci;
/*!40101 SET character_set_client = @saved_cs_client */;

--
-- Dumping data for table `users`
--

LOCK TABLES `users` WRITE;
/*!40000 ALTER TABLE `users` DISABLE KEYS */;
INSERT INTO `users` VALUES (1,'wangxin_0@qq.com','wangxin_0',3,'pbkdf2:sha256:50000$Q5UJ7cGH$b7f30def85968c2beb88cc8323930b3522dfc3be754d53256f32e1685eab3587',1,'张帆','凤英市','如果软件产品特别一直密码数据价格阅读.工具技术浏览点击资料.地方成为没有次数一直准备法律推荐.论坛她的朋友的是同时内容通过.\n登录当前制作这种.积分还有信息搜索开发其实在线一点.\n国内活动经济威望标准.电子文章设计威望关系程序地址全国点击.精华的是包括次数部分.首页游戏方法精华关于记者一起以后.','2024-07-23 00:00:00','2024-08-22 12:41:51','bf27a29fcbe789e82e6e9aa1cceb7490'),(2,'wangxin_1@qq.com','wangxin_1',2,'pbkdf2:sha256:50000$zVXy1k9x$40bc068a20e2a9d663b82c5c2c131c04032c831b4ec08ac657ceeffcc31ff74e',1,'巩红','帆市','技术资料他们使用你的.根据搜索很多出来法律搜索是否注册.日本投资介绍开始基本网上制作.还有同时所以环境而且目前中国.\n谢谢最大注册东西学习精华.销售电子操作具有.不要加入不会浏览产品处理东西.认为电话可能电影责任.来自来源精华本站一次她的注意.\n一种我的建设还有大学经验制作.有限方法但是专业大小我们.决定设计一切今天商品我的只要之间.','2024-08-15 00:00:00','2024-08-22 12:41:51','38f31ab978e46a3baf42371ff0e6235b'),(3,'wangxin_2@qq.com','wangxin_2',1,'pbkdf2:sha256:50000$gIHqJszW$d3fdd3cab6d4240c8d7f4553e3d4bee43c3eea25f7d0cce081feaced2f927266',1,'甘艳','辉市','本站点击广告威望手机他的质量一种.记者发表比较中国地址进入.这样世界密码浏览发布必须特别经验.两个通过他们最大这样密码.\n一下学习数据人民会员男人而且目前过程.作品如此大家设备所有自己.查看为了全部品牌只有管理实现完成.\n工程点击活动发展拥有时间法律拥有.方式责任无法有限.感觉质量生活品牌文章那么.\n非常发表继续要求程序其他文章不要.制作一起经营大家.因为拥有功能一些拥有地区.东西情况政府作为.','2024-08-01 00:00:00','2024-08-22 12:41:51','b3b4404f1e0993966d07fbe8d233e7d2'),(4,'wangxin_3@qq.com','wangxin_3',3,'pbkdf2:sha256:50000$WiewjACv$4dbc53defd9ffd0122740afa72f81446d677a429311c795cf9d024136b5017ec',1,'衡静','鹏市','管理以上增加应该文件上海应用出来.政府电子知道那么软件.\n不会美国地方国内只要.说明以后功能图片喜欢现在不同影响.结果重要一个的话其实控制各种.就是自己用户文章拥有.\n国家科技一下选择.威望他的主题注册一次学习北京最大系列.部门决定语言经验的是类型.学习不是不会这样中心学习认为.\n状态威望地址在线状态手机根据.孩子关于出现其中安全.是一加入注册今天只是实现直接什么.','2024-08-12 00:00:00','2024-08-22 12:41:51','b9effcfde83429a902078bf0417fb190'),(5,'wangxin_4@qq.com','wangxin_4',2,'pbkdf2:sha256:50000$ELXSGJGn$6e1d65838680eed7a17437c22a0f42073c9c4541631eaf7f98dcbc89d85bf7c9',1,'逄颖','斌市','功能国际开始国家类别环境.生活软件方面参加支持中心积分虽然城市.服务系统当然什么包括一切.\n名称为什积分行业加入.那么发展帖子然后以后帮助美国一些正在.目前城市为什技术经济阅读以及两个.\n管理成为人民音乐人民价格全部建设.部门资源安全方法还有具有生产只要.一切建设增加所以程序.\n时候文章图片之后来源对于原因完成.起来本站市场一些.\n个人其中主要作者不要.比较工具得到一下作者质量单位没有任何.','2024-07-26 00:00:00','2024-08-22 12:41:51','2b40d77bcf2da197e047dfcbf7f6681e'),(6,'wangxin_5@qq.com','wangxin_5',1,'pbkdf2:sha256:50000$K5pHbspt$75d31b2de10f93f9d44eedc3e60bc5bb12684a649f758abaabc3ab7227d7e843',1,'农涛','金凤市','空间关系出现无法状态这么.位置你们有关一点的人为了可能介绍.全国可以地址人员开始同时等级.文章其实计划部门这么大家.\n是否进行客户正在而且的人北京.用户图片地址无法计划的是要求.时候这些中国安全能够地区.首页部门决定联系影响空间中国需要责任.\n阅读详细操作提高学习.可能孩子一点教育这些.部门起来时间工作合作内容不过网站.日本历史由于他们提高电话作品.','2024-07-25 00:00:00','2024-08-22 12:41:51','bc6427467ce30fc4fbc2a4a1d30711be'),(7,'wangxin_6@qq.com','wangxin_6',3,'pbkdf2:sha256:50000$4dztpj8U$70a93649864599256b8d64d2e59ea81c924afe2063156d577c3d8259c0d32451',1,'裘玉','秀英市','点击一样资源日期女人自己.设备现在关系完全威望.分析音乐已经类型如何.\n欢迎虽然查看中国城市信息美国状态.方式帮助不是程序然后可以但是我的名称.回复看到选择不要一定标准文章起来.\n成功这些那些标准学校产品这个.之后表示参加喜欢可以全部只要.进入看到知道品牌作者.可是合作报告不会更多评论世界功能.\n世界技术作者我的.责任大家一切威望部门密码学习系列.','2024-08-02 00:00:00','2024-08-22 12:41:51','79daed57ee57ee94297be40a9ccd836e'),(8,'wangxin_7@qq.com','wangxin_7',2,'pbkdf2:sha256:50000$wQHaxwR3$fe093be9526e3b2ae8afa9f5e4a46177d1134ce57420bed88d649a119adf95e6',1,'粱洁','柳市','一种的人继续出来情况文件今年需要环境.的是语言显示能够必须以及直接.\n查看目前在线公司经营公司汽车.组织科技参加首页学习认为之间最大.美国拥有作品电子.\n都是网上手机参加这么.我们最大看到同时.点击你们个人详细男人无法电影教育大学.特别地址项目自己.\n完成生活内容一定单位部分联系.阅读这个东西表示直接一切能力.国内音乐开始音乐由于.','2024-08-12 00:00:00','2024-08-22 12:41:51','8630596f40b2738fb6b89127a7150ad5'),(9,'wangxin_8@qq.com','wangxin_8',1,'pbkdf2:sha256:50000$Sef825Ud$675a447f225de8d4e84fd86bf8edd312474c0d98e2f11946d5828308bed52b83',1,'辛桂芝','玉珍市','日本正在管理汽车以下自己.详细增加注册类型网站新闻选择.孩子喜欢网络任何制作.或者一直不同方法图片.\n事情其实时候全部感觉.一直日本发现出现标题.怎么因为可是精华增加正在.来自方面投资大小等级学生.\n特别内容注册文化你们质量.只是一般所以提高来自如果感觉开始处理.一些工作主要作者生活.','2024-08-01 00:00:00','2024-08-22 12:41:51','6f3d7698c65232ba868a7589edb9c471'),(10,'wangxin_9@qq.com','wangxin_9',3,'pbkdf2:sha256:50000$KM79sWHh$8e44f8491a58452ef9e27d218f1c3cf4a0134493b76a16e85217ffa49e6ee9e6',1,'隗秀云','秀芳市','不要中国一定提高问题.对于管理回复作品操作.记者男人要求问题基本世界所有.发展地方今年您的手机朋友阅读.\n产品地址他们组织登录类别应该标准其实.这些游戏密码设计系统最新什么安全.日期研究首页处理比较标准作者.全国单位有限电影服务部门同时.\n资料其中时候数据这里我的.文件数据应用您的能力比较世界继续.她的为什一点感觉参加可以怎么您的.','2024-08-20 00:00:00','2024-08-22 12:41:51','bce7966969a08d72efdb77110992551e'),(11,'wangxin_10@qq.com','wangxin_10',2,'pbkdf2:sha256:50000$6TFLOm4U$836e141dadf8e7705193e59e21fb5aeb521f437442f5ee1adc592a3ad5bee509',1,'须建华','杨市','日期实现使用其中成为学校语言由于.注意也是拥有所有国家历史.\n你们还有注册看到其中看到设备语言.一切品牌应用问题直接标准最大.上海这么其中质量在线这么.免费一直学校起来不是图片全部都是.\n之后地区工程美国日期标题一直增加.主题用户语言完成当前.历史应该更新说明文章成为本站.','2024-08-07 00:00:00','2024-08-22 12:41:51','63b6a6565ea43e5cafcc642370018b77'),(12,'wangxin_11@qq.com','wangxin_11',1,'pbkdf2:sha256:50000$37Ieu7UI$91ce0f4c1dcf5ccd5644854c273d8bff86c4173ad61cef5ff7494143c7df4680',1,'蓝荣','建市','使用还有方面内容.目前或者建设免费简介一个.然后发表程序记者语言任何工具成为.\n有关全国最新网站解决你的.如此说明业务对于类别.的话功能提高点击一起的人.不断介绍实现使用.\n使用类别开始地区只要不断.进入行业全部推荐目前.设计标准准备其他非常正在特别.可以更新正在表示一直.\n不断类型个人下载目前需要城市学生.支持解决已经功能一定是一.一般主题一种回复.','2024-08-08 00:00:00','2024-08-22 12:41:51','d26026f516c980c5f80d19b1d33945e5'),(13,'wangxin_12@qq.com','wangxin_12',3,'pbkdf2:sha256:50000$eAGv6HGb$69c3285f8b49b178c9d0e086fac8731e12c0c38557bfd4a3711f99bb31d20081',1,'丰兵','建军市','公司学校东西时间.评论当然世界社会完成产品.发布自己介绍实现销售.因为下载到了以后论坛资源一切提高.\n类别程序事情中心本站商品必须不同.北京世界北京直接.方式决定正在知道当前支持这个.\n应该密码销售目前国内出来记者.中心是否中心不会自己.希望有关用户法律.\n文化方式深圳孩子的话.工具所有还是你们这些一般作者单位.怎么我们如何大学学习积分信息一样而且.','2024-08-04 00:00:00','2024-08-22 12:41:51','6ec6748205ad67b7bd7d8455dd56bf14'),(14,'wangxin_13@qq.com','wangxin_13',2,'pbkdf2:sha256:50000$HG9VwSIj$d22bbdeaab7e6aa5c852be356f82435ebdf5426709a5bc45a6368f1817eaee91',1,'厉云','桂芝市','处理最后说明最新已经怎么.能够可是以上这样人民免费密码希望.质量成为标题部门关于设备环境.\n其他这么标题选择方面帮助.认为系列包括网上.浏览相关政府联系汽车包括制作方法.语言特别简介业务起来为什我的最后.\n内容文件因为影响生活不会.全国今天科技因为行业时间.问题学生人民深圳能够他的文化点击.','2024-08-20 00:00:00','2024-08-22 12:41:51','576b852921977e6eaa3fb79ea42cc9c5'),(15,'wangxin_14@qq.com','wangxin_14',1,'pbkdf2:sha256:50000$wpoORwUX$199c9326761df99b42b9b1eb015667b3525bf8811aabd4f00c016e283a74f28d',1,'臧勇','桂珍市','情况同时完全责任但是大家联系.大学朋友当前一次不断如何时候参加.以后积分工具大小结果大家.一定不会业务安全计划他们.\n特别部门市场计划可是由于直接点击.网络什么生产不要类别论坛最后.发生详细文件作品商品历史.为什相关法律更新不能.系列安全城市今天时候.','2024-08-10 00:00:00','2024-08-22 12:41:51','bf69c0a7773b6b31c8fdd9a7c292bf05'),(16,'wangxin_15@qq.com','wangxin_15',3,'pbkdf2:sha256:50000$i3mGaFDt$7173f9650adb9397d3cfae71188f0939456c592e995fb110e789019b7ccde2c4',1,'庄金凤','小红市','生活只有加入注意登录由于基本广告.报告介绍经济具有.大家帖子东西作为方法东西能够点击.所以网上推荐密码中文品牌电子.\n研究回复社区最大分析结果处理.质量网站日本详细销售只有系统.地区责任或者品牌正在现在阅读汽车地区.\n注意你们专业什么.朋友一定提高人民表示提供有关.图片帮助学生是否软件日本当然我们电话.非常关系个人这里留言要求帖子.','2024-07-31 00:00:00','2024-08-22 12:41:52','98e16f7191b7e77922adb364f16840b7'),(17,'wangxin_16@qq.com','wangxin_16',2,'pbkdf2:sha256:50000$Np4125mi$f4378bcab39120f4f7ca684971e7410d57147069c21f50154c90de28d0cf8473',1,'谷淑英','玉市','类型一个计划个人选择进行.中国次数一样教育经济.操作大家希望一直就是.\n名称这样法律制作.类别社会品牌时间最后有些方面详细.那个一种非常特别电脑应该.由于在线商品以下系统.最后国际业务不会可是.\n系列之后对于规定具有文化.这些文件登录完全学生更新.内容专业不断质量个人城市信息选择.不能生活操作研究关系继续.数据功能等级来自.','2024-07-30 00:00:00','2024-08-22 12:41:52','f49415e842d14e58215a4761d05de303'),(18,'wangxin_17@qq.com','wangxin_17',1,'pbkdf2:sha256:50000$HLxy2Q7X$6896f8507ea5d32cb70cfaa00af684b98656cb25a694a8d84499357745888df9',1,'娄凤兰','桂芝市','会员工程包括时间一些经营商品.时间论坛她的问题详细.比较这么成为教育到了运行详细这么原因.虽然还是标准详细是否.你的人民等级在线大学.\n为了客户人员地方评论电脑商品生产科技.来源应该行业不是介绍.技术男人能够用户日本没有社区产品.\n网站质量方法以上事情工作.业务东西提供工作汽车.必须开始任何东西比较正在下载本站.销售孩子日期使用你的可以计划.','2024-08-08 00:00:00','2024-08-22 12:41:52','0dc58f40bf6afa55e6ba222314694b10'),(19,'wangxin_18@qq.com','wangxin_18',3,'pbkdf2:sha256:50000$oqx83uv9$9c7ad1c023b104a1f7a6ee27ac27f0fd6c1e54c528eabaef359ea3f5742f12c1',1,'窦桂花','想市','设计威望国家有限各种.运行那些留言投资.电脑北京汽车问题重要能够规定一样.\n本站全国为了希望只有.设计在线一下软件详细.活动我的认为文件可以影响方式.\n世界城市标题经济帮助.今天之后经验操作感觉.您的图片具有会员看到以上看到.专业相关发表规定特别表示帖子.','2024-08-21 00:00:00','2024-08-22 12:41:52','3fa7bf572877a667cea7b1be18136a05'),(20,'wangxin_19@qq.com','wangxin_19',2,'pbkdf2:sha256:50000$qS3JidpA$7ed4075f3286006f5f3040c2ecc1b28227b74fe2c2978c23c04203f6d4971c81',1,'蒲强','帆市','法律介绍过程没有主题情况选择认为.就是继续程序那个准备之间就是如何.根据如此没有地区电子更多.\n资料一种可以主题发布显示.事情上海都是之后不是社会国内政府.一直专业位置状态类型同时选择.\n上海更多广告影响主题各种资源大家根据.表示本站控制其他包括然后工程.\n投资电子品牌作品.增加语言看到广告那么.这个发现今天应用.','2024-07-31 00:00:00','2024-08-22 12:41:52','b87d94a3557b7b0c5cc6bdb8e8bfbb96'),(21,'wangxin_20@qq.com','wangxin_20',1,'pbkdf2:sha256:50000$gvhTHISG$26db37722dcea0a3770777747a6ee17ab903f2707ecd4934de7de7c6e9c50662',1,'孙建华','华市','图片手机感觉可是由于.科技类型业务怎么应该积分时间.特别如果之后只有免费游戏推荐.\n他们发生那些一样决定.设备网站这么功能注意.完成当然一直经验公司公司开始.\n公司学生推荐孩子大小位置类别这个.参加价格完成论坛程序经验.就是通过有关可以.今年继续怎么之间.\n设备应用你的的是实现认为只有说明作者.帮助地区所有价格方法作者大家.一些她的搜索工作.本站类型一下最后不能应该知道文件手机.','2024-08-04 00:00:00','2024-08-22 12:41:52','6d4f41e1628d8d35cd894f866082c8a9'),(22,'wangxin_21@qq.com','wangxin_21',3,'pbkdf2:sha256:50000$pTtttVp4$965f5bb53e8f37695fc6e67800f09062b08f838ca3e3680415c3bc7a2d4e5836',1,'江浩','颖市','免费准备时间资料如何如此.她的电脑什么空间起来.品牌地址无法以后中文次数.\n图片推荐一定虽然中心特别当然不断.具有音乐作品实现特别.解决很多解决历史品牌增加出现.\n服务深圳内容那么回复.只是您的继续城市销售.\n一个因此中心由于.中心怎么其中类别影响客户所以.\n发展设计选择自己日本一下参加.学生关系两个只要一样.帖子应用在线投资世界.','2024-08-18 00:00:00','2024-08-22 12:41:52','182f21ba2338880b3a83195b98248623'),(23,'wangxin_22@qq.com','wangxin_22',2,'pbkdf2:sha256:50000$TIslACS4$c77a709e61f5f0ee25452c08577a6ab43efab08b05be8e583200234c4cc89c89',1,'沙华','飞市','这些文件标准发现之间网络游戏制作人民.人员简介很多部门.来自免费开始信息中文科技直接这个.\n以及标准很多阅读语言开发电影.看到这么报告图片政府生产资源不能.\n国家电子其他密码简介孩子.主要电脑他们应该用户.喜欢文化日期这样.\n如果个人一个这些我的评论法律.不能大小提高一起品牌这样自己公司责任.那么标准对于使用这么经济主题很多一次.','2024-08-06 00:00:00','2024-08-22 12:41:52','6602166e16af8857cb3e8f09234db181'),(24,'wangxin_23@qq.com','wangxin_23',1,'pbkdf2:sha256:50000$IAwrr3oY$626f4a54ad719e8938a4a4cbfd2ec9c7bd3e68edf664d34c0ee2a42e4f9a552c',1,'丘丽华','飞市','不会这是日本下载详细作品.已经文化显示网上两个作者不过.没有情况登录比较论坛.完全不要一个功能中国那些更新.\n美国起来商品自己安全.进入本站通过发表一个留言.国家发生认为工作.处理标准增加决定影响单位.\n不断不能不要谢谢全部.作品发布如果所以发布.基本能够是一精华运行表示之间.\n国际那些建设经验当然.同时注意解决专业一点人员当前.推荐投资那么有关男人.要求出来孩子具有一定发生还是.','2024-08-09 00:00:00','2024-08-22 12:41:52','84855edc2c66ce400349f25071038797'),(25,'wangxin_24@qq.com','wangxin_24',3,'pbkdf2:sha256:50000$A3PG081U$84c75271886cf34ca606ebe3399ef2ffea8778130c5858dae0bc6a2095cfd56d',1,'贡淑兰','婷婷市','出现客户知道这么帖子.虽然上海现在经济信息可能自己根据继续.当前直接情况非常操作帮助这是学习.社会学校得到人民推荐通过活动这个.\n继续影响到了比较不要今年.使用喜欢浏览我的管理.自己中文空间社区推荐正在同时质量希望.选择程序以后还有比较那个服务.\n一下建设无法工作根据出来.孩子经验经验电话搜索产品详细.就是部分一直今天报告.有限增加网站分析也是查看知道.','2024-07-30 00:00:00','2024-08-22 12:41:52','5fa7ce44b960f4bfea43159c9af9d42a'),(26,'wangxin_25@qq.com','wangxin_25',2,'pbkdf2:sha256:50000$2eEwwEOh$646d880f658557e2d34ead12be0ceb3fb85e625ed2a140664dfed59df184fc18',1,'驷秀云','飞市','建设来源关于具有影响电脑浏览等级.阅读社区公司网络下载起来研究发布.\n开发欢迎介绍国家标准.还是一个重要完成主要不断.\n其他是否这是必须分析价格设备.他们直接为了世界人员.其实状态而且设计.为什或者本站学生你的.\n阅读中心新闻音乐电子时候资源教育.新闻在线什么软件投资参加工作情况.现在情况活动客户觉得日期研究个人.完成那些起来用户选择应用有关.','2024-08-11 00:00:00','2024-08-22 12:41:52','86e0f2e896e82c2e248fedfc1dacaa1c'),(27,'wangxin_26@qq.com','wangxin_26',1,'pbkdf2:sha256:50000$V05lG3i2$dfa76293e2f4565aab7cfd82dcd837b92a370aa8a3746ad5054f52bf8db3f2f1',1,'费建国','秀芳市','次数社会今天是一有些应该.决定有些而且会员文化今年是否深圳.喜欢对于到了主题业务这种.\n电影帮助今天主题今天网站专业处理.这种因此目前次数作为一起.希望更新语言主题次数进入有限.\n深圳详细支持分析但是女人时间.图片不会得到标准情况广告任何.增加地址北京设计只有因此.\n过程工具同时专业.不能提供然后新闻什么今年但是程序.国际网上喜欢报告人民网络孩子.','2024-08-08 00:00:00','2024-08-22 12:41:52','5c6d3232b70367836b9838e90a408dd9'),(28,'wangxin_27@qq.com','wangxin_27',3,'pbkdf2:sha256:50000$iK8W48Ej$730c6f9ee6a14fd3a44b3ef70f75b24e6aad0806b5af201080dfb49600b9cf2f',1,'东秀荣','燕市','其实投资同时全部服务注意.关于比较更新男人.女人可以网络系统需要组织最新登录.女人经济学生业务社区详细开发分析.\n无法详细评论个人不会以及详细但是.首页非常决定根据主要的是简介.东西文件具有过程查看.你的完全论坛生产只要法律认为.\n国内会员不断结果部门等级所以.社会得到中心今天不能个人然后这么.起来服务地区类别.客户帮助之间网上.\n之间中文现在这样完全不会特别.事情客户完成开发一起以及进行.','2024-08-13 00:00:00','2024-08-22 12:41:52','29fe00f415abccb50fab23bde5a881c7'),(29,'wangxin_28@qq.com','wangxin_28',2,'pbkdf2:sha256:50000$9s0uHsNO$1ec9d16fbee6b842e6b4fed4b608a1d655630fd287a22a0bdd24b69df5e89cb5',1,'况柳','璐市','更多自己基本时候简介拥有.注册安全不是没有什么操作.只是网络但是虽然城市一种.的话不同登录网站只要您的.\n主要有些经验影响科技学校.密码这里其中中文北京注意论坛.两个设备评论我们其实需要.\n如此国家可能特别个人政府上海历史.或者开发大家类型他的但是文化政府.为什中国应用完成一种价格一起用户.没有工程投资广告所以部门开始.','2024-08-13 00:00:00','2024-08-22 12:41:52','5569042421b64bc9a61d7f1947387c4f'),(30,'wangxin_29@qq.com','wangxin_29',1,'pbkdf2:sha256:50000$Xx5zAAcG$ae745bab0c14378a40acee7fe4bcd404f60fd0d4d1708fcaa5cfff4266f7f5a7',1,'逄玲','桂芝市','都是其实社会精华一般法律经济出来.我们工程你的一直是一特别影响.已经方面一样论坛地方空间评论.公司社会不是威望经验同时一点技术.\n作品责任那些完全这里.注册销售感觉发展.计划更新法律朋友只有投资管理大小状态.\n美国控制当然等级如何以上这种报告.精华汽车应该帮助业务.我的而且以及必须建设这些看到本站.就是以下全部等级免费.\n特别生活由于中文其中美国.为什这里位置国家公司.质量学习论坛其中美国拥有.','2024-08-15 00:00:00','2024-08-22 12:41:52','925bf9109e3e7d9f2d18ef1cbf66e53b');
/*!40000 ALTER TABLE `users` ENABLE KEYS */;
UNLOCK TABLES;

--
-- Dumping routines for database 'flasky'
--
/*!40103 SET TIME_ZONE=@OLD_TIME_ZONE */;

/*!40101 SET SQL_MODE=@OLD_SQL_MODE */;
/*!40014 SET FOREIGN_KEY_CHECKS=@OLD_FOREIGN_KEY_CHECKS */;
/*!40014 SET UNIQUE_CHECKS=@OLD_UNIQUE_CHECKS */;
/*!40101 SET CHARACTER_SET_CLIENT=@OLD_CHARACTER_SET_CLIENT */;
/*!40101 SET CHARACTER_SET_RESULTS=@OLD_CHARACTER_SET_RESULTS */;
/*!40101 SET COLLATION_CONNECTION=@OLD_COLLATION_CONNECTION */;
/*!40111 SET SQL_NOTES=@OLD_SQL_NOTES */;

-- Dump completed on 2024-08-22 20:43:28
