-- MySQL dump 10.13  Distrib 8.0.19, for Win64 (x86_64)
--
-- Host: localhost    Database: flasky
-- ------------------------------------------------------
-- Server version	5.7.41

/*!40101 SET @OLD_CHARACTER_SET_CLIENT=@@CHARACTER_SET_CLIENT */;
/*!40101 SET @OLD_CHARACTER_SET_RESULTS=@@CHARACTER_SET_RESULTS */;
/*!40101 SET @OLD_COLLATION_CONNECTION=@@COLLATION_CONNECTION */;
/*!50503 SET NAMES utf8mb4 */;
/*!40103 SET @OLD_TIME_ZONE=@@TIME_ZONE */;
/*!40103 SET TIME_ZONE='+00:00' */;
/*!40014 SET @OLD_UNIQUE_CHECKS=@@UNIQUE_CHECKS, UNIQUE_CHECKS=0 */;
/*!40014 SET @OLD_FOREIGN_KEY_CHECKS=@@FOREIGN_KEY_CHECKS, FOREIGN_KEY_CHECKS=0 */;
/*!40101 SET @OLD_SQL_MODE=@@SQL_MODE, SQL_MODE='NO_AUTO_VALUE_ON_ZERO' */;
/*!40111 SET @OLD_SQL_NOTES=@@SQL_NOTES, SQL_NOTES=0 */;

--
-- Table structure for table `alembic_version`
--

DROP TABLE IF EXISTS `alembic_version`;
/*!40101 SET @saved_cs_client     = @@character_set_client */;
/*!50503 SET character_set_client = utf8mb4 */;
CREATE TABLE `alembic_version` (
  `version_num` varchar(32) COLLATE utf8mb4_unicode_ci NOT NULL,
  PRIMARY KEY (`version_num`)
) ENGINE=InnoDB DEFAULT CHARSET=utf8mb4 COLLATE=utf8mb4_unicode_ci;
/*!40101 SET character_set_client = @saved_cs_client */;

--
-- Dumping data for table `alembic_version`
--

LOCK TABLES `alembic_version` WRITE;
/*!40000 ALTER TABLE `alembic_version` DISABLE KEYS */;
INSERT INTO `alembic_version` VALUES ('4876dab0ea9e');
/*!40000 ALTER TABLE `alembic_version` ENABLE KEYS */;
UNLOCK TABLES;

--
-- Table structure for table `comments`
--

DROP TABLE IF EXISTS `comments`;
/*!40101 SET @saved_cs_client     = @@character_set_client */;
/*!50503 SET character_set_client = utf8mb4 */;
CREATE TABLE `comments` (
  `id` int(11) NOT NULL AUTO_INCREMENT,
  `body` text COLLATE utf8mb4_unicode_ci,
  `body_html` text COLLATE utf8mb4_unicode_ci,
  `timestamp` datetime DEFAULT NULL,
  `disabled` tinyint(1) DEFAULT NULL,
  `author_id` int(11) DEFAULT NULL,
  `post_id` int(11) DEFAULT NULL,
  PRIMARY KEY (`id`),
  KEY `author_id` (`author_id`),
  KEY `post_id` (`post_id`),
  KEY `ix_comments_timestamp` (`timestamp`),
  CONSTRAINT `comments_ibfk_1` FOREIGN KEY (`author_id`) REFERENCES `users` (`id`),
  CONSTRAINT `comments_ibfk_2` FOREIGN KEY (`post_id`) REFERENCES `posts` (`id`)
) ENGINE=InnoDB AUTO_INCREMENT=4 DEFAULT CHARSET=utf8mb4 COLLATE=utf8mb4_unicode_ci;
/*!40101 SET character_set_client = @saved_cs_client */;

--
-- Dumping data for table `comments`
--

LOCK TABLES `comments` WRITE;
/*!40000 ALTER TABLE `comments` DISABLE KEYS */;
INSERT INTO `comments` VALUES (1,'好棒呀123','好棒呀123','2024-08-23 09:10:07',NULL,1,36),(2,'123123213评论','123123213评论','2024-08-23 09:10:11',NULL,1,36),(3,'阿斯蒂芬','阿斯蒂芬','2024-08-23 09:10:16',NULL,1,36);
/*!40000 ALTER TABLE `comments` ENABLE KEYS */;
UNLOCK TABLES;

--
-- Table structure for table `follows`
--

DROP TABLE IF EXISTS `follows`;
/*!40101 SET @saved_cs_client     = @@character_set_client */;
/*!50503 SET character_set_client = utf8mb4 */;
CREATE TABLE `follows` (
  `follower_id` int(11) NOT NULL,
  `followed_id` int(11) NOT NULL,
  `timestamp` datetime DEFAULT NULL,
  PRIMARY KEY (`follower_id`,`followed_id`),
  KEY `followed_id` (`followed_id`),
  CONSTRAINT `follows_ibfk_1` FOREIGN KEY (`followed_id`) REFERENCES `users` (`id`),
  CONSTRAINT `follows_ibfk_2` FOREIGN KEY (`follower_id`) REFERENCES `users` (`id`)
) ENGINE=InnoDB DEFAULT CHARSET=utf8mb4 COLLATE=utf8mb4_unicode_ci;
/*!40101 SET character_set_client = @saved_cs_client */;

--
-- Dumping data for table `follows`
--

LOCK TABLES `follows` WRITE;
/*!40000 ALTER TABLE `follows` DISABLE KEYS */;
INSERT INTO `follows` VALUES (1,1,'2024-08-23 09:00:20'),(2,2,'2024-08-23 09:00:20'),(3,3,'2024-08-23 09:00:20'),(4,4,'2024-08-23 09:00:20'),(5,5,'2024-08-23 09:00:20'),(6,6,'2024-08-23 09:00:20'),(7,7,'2024-08-23 09:00:20'),(8,8,'2024-08-23 09:00:20'),(9,9,'2024-08-23 09:00:20'),(10,10,'2024-08-23 09:00:20'),(11,11,'2024-08-23 09:00:20'),(12,12,'2024-08-23 09:00:20'),(13,13,'2024-08-23 09:00:20'),(14,14,'2024-08-23 09:00:20'),(15,15,'2024-08-23 09:00:20'),(16,16,'2024-08-23 09:00:20'),(17,17,'2024-08-23 09:00:21'),(18,18,'2024-08-23 09:00:21'),(19,19,'2024-08-23 09:00:21'),(20,20,'2024-08-23 09:00:21'),(21,21,'2024-08-23 09:00:21'),(22,22,'2024-08-23 09:00:21'),(23,23,'2024-08-23 09:00:21'),(24,24,'2024-08-23 09:00:21'),(25,25,'2024-08-23 09:00:21');
/*!40000 ALTER TABLE `follows` ENABLE KEYS */;
UNLOCK TABLES;

--
-- Table structure for table `posts`
--

DROP TABLE IF EXISTS `posts`;
/*!40101 SET @saved_cs_client     = @@character_set_client */;
/*!50503 SET character_set_client = utf8mb4 */;
CREATE TABLE `posts` (
  `id` int(11) NOT NULL AUTO_INCREMENT,
  `body` text COLLATE utf8mb4_unicode_ci,
  `body_html` text COLLATE utf8mb4_unicode_ci,
  `timestamp` datetime DEFAULT NULL,
  `author_id` int(11) DEFAULT NULL,
  PRIMARY KEY (`id`),
  KEY `author_id` (`author_id`),
  KEY `ix_posts_timestamp` (`timestamp`),
  CONSTRAINT `posts_ibfk_1` FOREIGN KEY (`author_id`) REFERENCES `users` (`id`)
) ENGINE=InnoDB AUTO_INCREMENT=101 DEFAULT CHARSET=utf8mb4 COLLATE=utf8mb4_unicode_ci;
/*!40101 SET character_set_client = @saved_cs_client */;

--
-- Dumping data for table `posts`
--

LOCK TABLES `posts` WRITE;
/*!40000 ALTER TABLE `posts` DISABLE KEYS */;
INSERT INTO `posts` VALUES (1,'北京任何网站新闻社会.音乐我的状态他的以及.价格本站部分单位支持欢迎不是决定.学校次数说明发展对于登录.\n活动这里国内今年.今年在线各种一点等级一样安全价格.希望到了历史对于这么.无法大学浏览注册电影作者.\n汽车大家位置国家评论文章.电话市场东西虽然相关手机已经如此.发布那个中文目前发展点击首页论坛其中.','<p>北京任何网站新闻社会.音乐我的状态他的以及.价格本站部分单位支持欢迎不是决定.学校次数说明发展对于登录.\n活动这里国内今年.今年在线各种一点等级一样安全价格.希望到了历史对于这么.无法大学浏览注册电影作者.\n汽车大家位置国家评论文章.电话市场东西虽然相关手机已经如此.发布那个中文目前发展点击首页论坛其中.</p>','2024-08-19 00:00:00',18),(2,'大家资源可以孩子投资.特别部分游戏以下教育.进行比较因为进行城市.\n中心成功他们就是这是她的东西现在.以下汽车不能完成技术.\n应用环境进行来源以后.一切我的以及不过完成只是设计语言.类型主要一点什么评论.\n支持地址游戏觉得标准品牌.教育手机项目经济进入更多产品进入.点击今天政府政府分析是一这些经济这个.企业不断今年两个地区.','<p>大家资源可以孩子投资.特别部分游戏以下教育.进行比较因为进行城市.\n中心成功他们就是这是她的东西现在.以下汽车不能完成技术.\n应用环境进行来源以后.一切我的以及不过完成只是设计语言.类型主要一点什么评论.\n支持地址游戏觉得标准品牌.教育手机项目经济进入更多产品进入.点击今天政府政府分析是一这些经济这个.企业不断今年两个地区.</p>','2024-08-15 00:00:00',15),(3,'广告积分等级知道这些通过.您的名称来源积分合作当然.相关学习会员一次.时间可是最大显示女人的是影响.中国包括时间进行.\n大学到了孩子谢谢专业.留言得到影响以及质量标题.发展我的资源学校已经业务.的人就是一直目前对于起来状态标题.\n的是因为参加出来组织评论就是有限国际.不要最后为什这么查看.设备有些专业更多什么比较制作游戏.','<p>广告积分等级知道这些通过.您的名称来源积分合作当然.相关学习会员一次.时间可是最大显示女人的是影响.中国包括时间进行.\n大学到了孩子谢谢专业.留言得到影响以及质量标题.发展我的资源学校已经业务.的人就是一直目前对于起来状态标题.\n的是因为参加出来组织评论就是有限国际.不要最后为什这么查看.设备有些专业更多什么比较制作游戏.</p>','2024-07-26 00:00:00',7),(4,'阅读类型能力文章过程生活更新孩子.发表不要安全经济社区所以大学.所有标题规定次数然后觉得很多虽然.\n品牌过程企业地区如何行业规定组织以下.觉得方法文件开发准备软件电影感觉.学生活动发生开发日期.所有的人到了一些详细直接.这种增加学校就是显示公司.\n男人地方非常感觉系列.对于全国介绍注册中国.一直认为中心相关管理历史.而且还有你的用户都是方法语言方法主要.','<p>阅读类型能力文章过程生活更新孩子.发表不要安全经济社区所以大学.所有标题规定次数然后觉得很多虽然.\n品牌过程企业地区如何行业规定组织以下.觉得方法文件开发准备软件电影感觉.学生活动发生开发日期.所有的人到了一些详细直接.这种增加学校就是显示公司.\n男人地方非常感觉系列.对于全国介绍注册中国.一直认为中心相关管理历史.而且还有你的用户都是方法语言方法主要.</p>','2024-07-27 00:00:00',17),(5,'责任只有当前网上以后论坛成为.拥有信息中国推荐价格.我的时候所有虽然一般这是开发.选择比较你们资料都是阅读直接由于研究.\n她的还是必须公司过程处理资源语言.对于最新技术作者包括.当前一个一下空间位置.历史类型之间历史其中类型最后.\n要求有些是否这个企业.论坛帮助一个一点帖子开始音乐.一般汽车得到朋友.\n问题大家你的阅读.环境状态深圳类别一些有些大小.起来电脑孩子汽车加入社会次数.','<p>责任只有当前网上以后论坛成为.拥有信息中国推荐价格.我的时候所有虽然一般这是开发.选择比较你们资料都是阅读直接由于研究.\n她的还是必须公司过程处理资源语言.对于最新技术作者包括.当前一个一下空间位置.历史类型之间历史其中类型最后.\n要求有些是否这个企业.论坛帮助一个一点帖子开始音乐.一般汽车得到朋友.\n问题大家你的阅读.环境状态深圳类别一些有些大小.起来电脑孩子汽车加入社会次数.</p>','2024-08-13 00:00:00',4),(6,'一次影响或者非常语言状态必须首页非常.提高科技标题需要技术组织支持.生活标题其他地区表示.\n环境网络学习不断.投资发生教育通过安全目前还是.也是一种类型类别那么一下认为工程简介.\n一样提供目前网上如何发布现在提高商品.经营密码国家只要一般如何汽车质量.以上表示主要显示个人还是可能工具.自己作为使用加入情况.','<p>一次影响或者非常语言状态必须首页非常.提高科技标题需要技术组织支持.生活标题其他地区表示.\n环境网络学习不断.投资发生教育通过安全目前还是.也是一种类型类别那么一下认为工程简介.\n一样提供目前网上如何发布现在提高商品.经营密码国家只要一般如何汽车质量.以上表示主要显示个人还是可能工具.自己作为使用加入情况.</p>','2024-08-03 00:00:00',6),(7,'积分主题但是选择比较中国以后最大文章.增加汽车首页知道加入朋友.行业那个当前一切拥有.当前准备出来点击产品作品作品不过.\n教育必须欢迎质量电子推荐.评论更新具有北京.要求回复使用一种主要过程就是.而且密码还有各种完成.\n行业为什什么其实注册中心公司.欢迎我的继续软件国际.报告网站已经精华商品还有.建设没有文件她的成为人民.','<p>积分主题但是选择比较中国以后最大文章.增加汽车首页知道加入朋友.行业那个当前一切拥有.当前准备出来点击产品作品作品不过.\n教育必须欢迎质量电子推荐.评论更新具有北京.要求回复使用一种主要过程就是.而且密码还有各种完成.\n行业为什什么其实注册中心公司.欢迎我的继续软件国际.报告网站已经精华商品还有.建设没有文件她的成为人民.</p>','2024-08-03 00:00:00',12),(8,'回复虽然那个合作教育.因为不过经验不能能够.国内工具自己一起可以的话文件参加.今天工具一个科技一切有限.回复开发两个成为进入安全当前已经.\n根据应该科技也是功能汽车.作者论坛表示用户信息教育方法威望北京.\n准备教育开始系统内容地方处理.发展留言发现电影经验资源.这种计划那个处理运行国际这个.更新需要位置技术这么状态计划.\n因此专业发布威望看到.威望处理非常责任方面事情这里注意最后.','<p>回复虽然那个合作教育.因为不过经验不能能够.国内工具自己一起可以的话文件参加.今天工具一个科技一切有限.回复开发两个成为进入安全当前已经.\n根据应该科技也是功能汽车.作者论坛表示用户信息教育方法威望北京.\n准备教育开始系统内容地方处理.发展留言发现电影经验资源.这种计划那个处理运行国际这个.更新需要位置技术这么状态计划.\n因此专业发布威望看到.威望处理非常责任方面事情这里注意最后.</p>','2024-08-14 00:00:00',12),(9,'事情直接技术方面业务也是环境.一下留言比较广告比较.点击如何事情记者正在然后任何一点评论.发布不断原因过程标准.\n最后电脑单位得到影响之后.如此等级客户不能下载状态.这种基本汽车地区价格由于日本责任.\n城市公司电影专业客户为了.品牌音乐那么当前发布不过能力主题一些.评论不会显示全部这种可能她的要求.\n位置今年评论广告起来简介经验是否.投资问题资料留言显示电影之后.','<p>事情直接技术方面业务也是环境.一下留言比较广告比较.点击如何事情记者正在然后任何一点评论.发布不断原因过程标准.\n最后电脑单位得到影响之后.如此等级客户不能下载状态.这种基本汽车地区价格由于日本责任.\n城市公司电影专业客户为了.品牌音乐那么当前发布不过能力主题一些.评论不会显示全部这种可能她的要求.\n位置今年评论广告起来简介经验是否.投资问题资料留言显示电影之后.</p>','2024-08-02 00:00:00',22),(10,'最大搜索这些而且作者.行业成功网站管理市场一种资源.准备汽车环境事情因此然后制作.个人都是品牌以下可能操作详细.\n方法解决点击不同业务本站.技术工具公司增加最大中文.网站其他位置论坛你们科技产品.表示其中你们名称只有她的不断.\n不同已经一般原因不要能够有关发展.企业如何参加有关首页那些.很多孩子可以结果论坛生活不会.知道之间详细客户以上非常来源.','<p>最大搜索这些而且作者.行业成功网站管理市场一种资源.准备汽车环境事情因此然后制作.个人都是品牌以下可能操作详细.\n方法解决点击不同业务本站.技术工具公司增加最大中文.网站其他位置论坛你们科技产品.表示其中你们名称只有她的不断.\n不同已经一般原因不要能够有关发展.企业如何参加有关首页那些.很多孩子可以结果论坛生活不会.知道之间详细客户以上非常来源.</p>','2024-08-10 00:00:00',6),(11,'深圳资料网站不会次数的人成功管理.制作方式必须数据的人.完全电话一些可以推荐电脑.\n影响如此时间只有.对于两个发布一下资料这里城市两个.\n关系人员价格一种销售地方.资源科技作者密码的是需要工程.类型因此控制的人各种.是否但是文件知道不是结果.\n是否更新我的经验显示不能.是否说明网络不同学生.基本通过主要目前会员产品.一直学习直接希望.成为手机国内其实专业基本选择出现.','<p>深圳资料网站不会次数的人成功管理.制作方式必须数据的人.完全电话一些可以推荐电脑.\n影响如此时间只有.对于两个发布一下资料这里城市两个.\n关系人员价格一种销售地方.资源科技作者密码的是需要工程.类型因此控制的人各种.是否但是文件知道不是结果.\n是否更新我的经验显示不能.是否说明网络不同学生.基本通过主要目前会员产品.一直学习直接希望.成为手机国内其实专业基本选择出现.</p>','2024-08-01 00:00:00',17),(12,'责任参加通过国家电脑介绍就是.注册支持她的完全知道文章.\n部分业务在线任何虽然过程汽车感觉.因此内容汽车主题当前详细一些欢迎位置.下载这里次数现在很多谢谢特别.浏览公司以及提供最新.\n喜欢投资发生其中这么威望只有社会.必须网络一些自己有些的是直接大学应该.也是发布北京设备管理责任只是的是.不断数据一般不同信息信息汽车.','<p>责任参加通过国家电脑介绍就是.注册支持她的完全知道文章.\n部分业务在线任何虽然过程汽车感觉.因此内容汽车主题当前详细一些欢迎位置.下载这里次数现在很多谢谢特别.浏览公司以及提供最新.\n喜欢投资发生其中这么威望只有社会.必须网络一些自己有些的是直接大学应该.也是发布北京设备管理责任只是的是.不断数据一般不同信息信息汽车.</p>','2024-08-14 00:00:00',16),(13,'非常点击方法联系提供.那个认为日本两个不过决定.知道规定感觉图片部分一样如此.电脑市场大家北京比较公司女人人员.运行手机这样电话因此最新还是.\n活动历史她的世界问题类别孩子威望法律.系列程序以后文化一切还有直接.基本不断国际或者注意说明.电脑电影一般说明情况其他.\n无法这么今年一起标准操作电脑.所以制作软件手机.包括需要深圳音乐由于.经验提供结果然后回复程序能力能够.','<p>非常点击方法联系提供.那个认为日本两个不过决定.知道规定感觉图片部分一样如此.电脑市场大家北京比较公司女人人员.运行手机这样电话因此最新还是.\n活动历史她的世界问题类别孩子威望法律.系列程序以后文化一切还有直接.基本不断国际或者注意说明.电脑电影一般说明情况其他.\n无法这么今年一起标准操作电脑.所以制作软件手机.包括需要深圳音乐由于.经验提供结果然后回复程序能力能够.</p>','2024-08-12 00:00:00',13),(14,'但是因为工程文化东西中国工具.美国比较文件怎么使用知道增加.怎么直接主题一起在线使用.全国能力一个国内法律.\n资源标准准备因此大家.自己支持国家无法新闻组织完全开发.学校标准最大开始显示.到了单位活动这里根据.\n还是方面大小不会非常使用一次发展.政府主要参加应该这些方法问题.类型当然说明关系客户.其实作为密码大小准备只要留言.','<p>但是因为工程文化东西中国工具.美国比较文件怎么使用知道增加.怎么直接主题一起在线使用.全国能力一个国内法律.\n资源标准准备因此大家.自己支持国家无法新闻组织完全开发.学校标准最大开始显示.到了单位活动这里根据.\n还是方面大小不会非常使用一次发展.政府主要参加应该这些方法问题.类型当然说明关系客户.其实作为密码大小准备只要留言.</p>','2024-08-07 00:00:00',22),(15,'商品环境正在孩子大学简介觉得.虽然汽车位置那些.有关注意可以一次阅读.\n中文教育也是感觉数据主要企业的人是否.联系会员开始更新一下完成.经营今天电影人员.\n完全国内同时感觉.帖子解决这是使用一种文化公司.设备电影不要一直.表示以后发现功能这里标题一些.\n参加人民也是以及通过完成.更新的人今年自己为什.','<p>商品环境正在孩子大学简介觉得.虽然汽车位置那些.有关注意可以一次阅读.\n中文教育也是感觉数据主要企业的人是否.联系会员开始更新一下完成.经营今天电影人员.\n完全国内同时感觉.帖子解决这是使用一种文化公司.设备电影不要一直.表示以后发现功能这里标题一些.\n参加人民也是以及通过完成.更新的人今年自己为什.</p>','2024-07-30 00:00:00',2),(16,'基本学生密码原因全国得到.产品选择发表用户经济为什部分.进行知道如此发生信息文件企业拥有.\n中心有些更多朋友表示是一计划回复.积分欢迎如果起来更新成功看到.自己是否成为还有工作很多.发现社区不是时间投资位置问题男人作为.美国计划建设技术因此大学大家没有感觉.\n结果政府部分朋友因此你们.工具一下地址信息报告分析密码管理.文章日本如此比较研究政府.','<p>基本学生密码原因全国得到.产品选择发表用户经济为什部分.进行知道如此发生信息文件企业拥有.\n中心有些更多朋友表示是一计划回复.积分欢迎如果起来更新成功看到.自己是否成为还有工作很多.发现社区不是时间投资位置问题男人作为.美国计划建设技术因此大学大家没有感觉.\n结果政府部分朋友因此你们.工具一下地址信息报告分析密码管理.文章日本如此比较研究政府.</p>','2024-08-12 00:00:00',9),(17,'增加产品首页实现网上不过这种注册.当然工程这样或者根据商品而且研究.下载市场有限发展文章历史.计划以后经验全国作者任何.\n来自过程各种重要目前.日本继续今年组织建设发表帖子下载.特别或者标题社会.精华到了决定根据完全这种虽然.\n部门一起所有如何.欢迎什么历史计划资源女人广告.新闻目前有些记者但是准备.','<p>增加产品首页实现网上不过这种注册.当然工程这样或者根据商品而且研究.下载市场有限发展文章历史.计划以后经验全国作者任何.\n来自过程各种重要目前.日本继续今年组织建设发表帖子下载.特别或者标题社会.精华到了决定根据完全这种虽然.\n部门一起所有如何.欢迎什么历史计划资源女人广告.新闻目前有些记者但是准备.</p>','2024-07-31 00:00:00',24),(18,'发现是一结果发布对于有关还有.她的销售之间事情.管理还是情况数据知道城市.\n类型已经单位成功认为中文.应用报告如此不过文化客户介绍.来自中国留言项目.\n必须开发一点不同以后.东西方式公司用户主题.环境更多帮助最新一起.欢迎就是北京的是内容主题重要开始.\n出现继续没有报告图片注册一切.状态程序对于文化通过关于.表示设计一起制作.','<p>发现是一结果发布对于有关还有.她的销售之间事情.管理还是情况数据知道城市.\n类型已经单位成功认为中文.应用报告如此不过文化客户介绍.来自中国留言项目.\n必须开发一点不同以后.东西方式公司用户主题.环境更多帮助最新一起.欢迎就是北京的是内容主题重要开始.\n出现继续没有报告图片注册一切.状态程序对于文化通过关于.表示设计一起制作.</p>','2024-08-09 00:00:00',9),(19,'大家中心这里比较质量美国东西.孩子所有科技喜欢语言广告.人民提高处理开始时候关系.\n为了今天不是游戏以后特别.解决由于显示孩子有限作者企业公司.标题企业全部价格注意.\n觉得实现能力内容.阅读的人大小不是基本进入公司.日期认为的话美国影响或者手机方面.拥有一样女人来源.\n这是原因科技责任资料.这种谢谢类别质量我的资源标题.最新中心这里现在欢迎.','<p>大家中心这里比较质量美国东西.孩子所有科技喜欢语言广告.人民提高处理开始时候关系.\n为了今天不是游戏以后特别.解决由于显示孩子有限作者企业公司.标题企业全部价格注意.\n觉得实现能力内容.阅读的人大小不是基本进入公司.日期认为的话美国影响或者手机方面.拥有一样女人来源.\n这是原因科技责任资料.这种谢谢类别质量我的资源标题.最新中心这里现在欢迎.</p>','2024-08-07 00:00:00',16),(20,'决定孩子提高文章处理.技术大学网站产品以及方面不断.自己分析选择朋友国际一些.\n工具一直责任大小.个人行业留言直接以及不是一直作为.管理工具完全应用技术汽车方面.搜索结果包括出现位置地区.\n汽车音乐会员今天原因提供一点.一直他们希望认为过程.为什表示单位最新.一个实现报告详细电脑新闻准备使用.\n有关评论怎么经验帮助国内所以两个.汽车方式的人东西的人.女人中文那个社会手机开始.人民那些继续相关.','<p>决定孩子提高文章处理.技术大学网站产品以及方面不断.自己分析选择朋友国际一些.\n工具一直责任大小.个人行业留言直接以及不是一直作为.管理工具完全应用技术汽车方面.搜索结果包括出现位置地区.\n汽车音乐会员今天原因提供一点.一直他们希望认为过程.为什表示单位最新.一个实现报告详细电脑新闻准备使用.\n有关评论怎么经验帮助国内所以两个.汽车方式的人东西的人.女人中文那个社会手机开始.人民那些继续相关.</p>','2024-08-14 00:00:00',1),(21,'投资就是威望设计会员.出现欢迎什么部分出来程序之间投资怎么.经验完成如何文件显示直接中文组织.制作只有电子还是过程密码其实注册.\n结果发表这些服务工作完全.决定最后原因选择中国一定什么还有.研究留言加入是否一定.关于发表密码资料学生行业如果.\n记者资源一样之后之间浏览.都是大学简介网络.由于安全不同的人科技.怎么看到增加搜索.这样文件下载新闻是一来源只有加入使用.','<p>投资就是威望设计会员.出现欢迎什么部分出来程序之间投资怎么.经验完成如何文件显示直接中文组织.制作只有电子还是过程密码其实注册.\n结果发表这些服务工作完全.决定最后原因选择中国一定什么还有.研究留言加入是否一定.关于发表密码资料学生行业如果.\n记者资源一样之后之间浏览.都是大学简介网络.由于安全不同的人科技.怎么看到增加搜索.这样文件下载新闻是一来源只有加入使用.</p>','2024-08-13 00:00:00',4),(22,'大小单位不同如此影响.继续但是需要详细组织.然后为了一个准备社会所以任何只有帖子.\n电话功能发表提供图片是一过程重要以上.虽然人员就是本站支持管理.位置提高国内发布最后设计.\n本站次数查看搜索手机.项目今天简介无法增加.不同以上现在是一因为你们最新.\n所以公司以上发布专业看到这些电话人民.联系生产操作手机方法上海可是.服务资源这么手机单位不是工具.','<p>大小单位不同如此影响.继续但是需要详细组织.然后为了一个准备社会所以任何只有帖子.\n电话功能发表提供图片是一过程重要以上.虽然人员就是本站支持管理.位置提高国内发布最后设计.\n本站次数查看搜索手机.项目今天简介无法增加.不同以上现在是一因为你们最新.\n所以公司以上发布专业看到这些电话人民.联系生产操作手机方法上海可是.服务资源这么手机单位不是工具.</p>','2024-08-11 00:00:00',22),(23,'介绍有限国际表示一种.网上地方为什留言.问题文化论坛我的当然用户.评论还有看到因为其中社会.\n标题本站完成同时.投资参加提高这种价格在线不会.简介如何密码运行管理今天进入介绍.图片网上北京简介孩子.\n更多显示北京深圳很多直接相关.手机一定其实的话她的论坛孩子.日本产品有限北京本站系统直接其中.不能提高自己工程来自大小历史本站.','<p>介绍有限国际表示一种.网上地方为什留言.问题文化论坛我的当然用户.评论还有看到因为其中社会.\n标题本站完成同时.投资参加提高这种价格在线不会.简介如何密码运行管理今天进入介绍.图片网上北京简介孩子.\n更多显示北京深圳很多直接相关.手机一定其实的话她的论坛孩子.日本产品有限北京本站系统直接其中.不能提高自己工程来自大小历史本站.</p>','2024-07-24 00:00:00',13),(24,'拥有不能喜欢点击学习完成今天.点击只是品牌这种特别合作.一般系统活动正在程序.文件两个评论应该一次.\n我们觉得或者这个类型系列最新研究.提高还有精华图片国际比较手机设计.操作类别提高我们一起.今天的是来源但是计划我的.\n情况时间决定公司科技项目活动网上.电脑控制不断对于当前责任语言.\n问题只有一次论坛日本.语言对于选择没有能够.开始应该推荐历史北京系统解决非常.','<p>拥有不能喜欢点击学习完成今天.点击只是品牌这种特别合作.一般系统活动正在程序.文件两个评论应该一次.\n我们觉得或者这个类型系列最新研究.提高还有精华图片国际比较手机设计.操作类别提高我们一起.今天的是来源但是计划我的.\n情况时间决定公司科技项目活动网上.电脑控制不断对于当前责任语言.\n问题只有一次论坛日本.语言对于选择没有能够.开始应该推荐历史北京系统解决非常.</p>','2024-08-17 00:00:00',11),(25,'企业这些根据历史更新显示.但是工作简介各种然后那么中心事情汽车.世界出现事情有限感觉责任你的.安全使用作品人员成功.\n因为这样查看研究不断系统使用已经汽车.市场经营可是比较可以联系能力朋友.\n什么有限可以电话运行最大成为您的事情.国际只要提高正在这里.希望成为精华控制广告方法正在之后他的.','<p>企业这些根据历史更新显示.但是工作简介各种然后那么中心事情汽车.世界出现事情有限感觉责任你的.安全使用作品人员成功.\n因为这样查看研究不断系统使用已经汽车.市场经营可是比较可以联系能力朋友.\n什么有限可以电话运行最大成为您的事情.国际只要提高正在这里.希望成为精华控制广告方法正在之后他的.</p>','2024-08-18 00:00:00',14),(26,'时间系统如果方式.电子非常政府发布介绍.出来欢迎这个作品.谢谢简介虽然正在她的女人国家.必须希望等级记者来源文化之后.\n就是作品实现质量大家计划过程基本.文化一点必须部分准备最大起来市场.谢谢很多行业觉得基本的话.\n不过次数只有有些设备首页.社会最大浏览生产公司开发.美国服务基本准备组织.\n一下注册等级中心投资时候.不断我们法律重要关系应该之间不要比较.作者原因成功以后生产可能之后但是一次.','<p>时间系统如果方式.电子非常政府发布介绍.出来欢迎这个作品.谢谢简介虽然正在她的女人国家.必须希望等级记者来源文化之后.\n就是作品实现质量大家计划过程基本.文化一点必须部分准备最大起来市场.谢谢很多行业觉得基本的话.\n不过次数只有有些设备首页.社会最大浏览生产公司开发.美国服务基本准备组织.\n一下注册等级中心投资时候.不断我们法律重要关系应该之间不要比较.作者原因成功以后生产可能之后但是一次.</p>','2024-08-18 00:00:00',3),(27,'留言事情怎么她的市场加入必须环境.觉得可是那么就是工程.图片网上专业当然她的有限只是比较.设备不断人民这种开发.研究设计不要推荐出来搜索首页市场.\n学校还有工程国内留言这些一点.管理国家销售信息很多资料朋友就是.研究这是所有已经帖子大家.\n公司可是内容只要下载认为具有帖子.政府今天很多工程本站只是影响工作.一样价格发展规定国内服务.','<p>留言事情怎么她的市场加入必须环境.觉得可是那么就是工程.图片网上专业当然她的有限只是比较.设备不断人民这种开发.研究设计不要推荐出来搜索首页市场.\n学校还有工程国内留言这些一点.管理国家销售信息很多资料朋友就是.研究这是所有已经帖子大家.\n公司可是内容只要下载认为具有帖子.政府今天很多工程本站只是影响工作.一样价格发展规定国内服务.</p>','2024-08-13 00:00:00',5),(28,'软件论坛或者投资以下可是.同时世界只是会员音乐.感觉觉得男人空间拥有作者下载需要.\n美国全国必须大小如此一次美国.这些设计只有最大加入男人.\n这么国家最大教育以下电影作者报告法律.产品相关希望的是你的为了设计国家.那个是一不过比较只要搜索.\n的话完成环境计划工作联系大学.主题重要今年最新报告决定发展.','<p>软件论坛或者投资以下可是.同时世界只是会员音乐.感觉觉得男人空间拥有作者下载需要.\n美国全国必须大小如此一次美国.这些设计只有最大加入男人.\n这么国家最大教育以下电影作者报告法律.产品相关希望的是你的为了设计国家.那个是一不过比较只要搜索.\n的话完成环境计划工作联系大学.主题重要今年最新报告决定发展.</p>','2024-07-31 00:00:00',10),(29,'支持目前是一详细全国.网站相关质量欢迎客户我的以及.表示次数因为类型报告可以能够商品.国家选择次数地方自己对于北京.\n一定世界有关价格系统进行中心.很多回复谢谢电脑资源.看到自己阅读必须电脑.\n以上市场登录类型工具法律一切.学校会员有关下载有关其中技术出来.资料质量项目设备到了可以免费.同时直接详细为什这个.','<p>支持目前是一详细全国.网站相关质量欢迎客户我的以及.表示次数因为类型报告可以能够商品.国家选择次数地方自己对于北京.\n一定世界有关价格系统进行中心.很多回复谢谢电脑资源.看到自己阅读必须电脑.\n以上市场登录类型工具法律一切.学校会员有关下载有关其中技术出来.资料质量项目设备到了可以免费.同时直接详细为什这个.</p>','2024-07-28 00:00:00',20),(30,'觉得软件直接类别你的发现.产品最大可是一个公司直接.资源日期发展女人历史不断完全空间.您的能力认为可能制作记者.空间搜索成功是否这样.\n中文必须数据方法会员因此.起来必须比较发现报告.工程中心之间经验.必须规定以上相关经营需要.\n以后更多成为推荐应该这么或者原因.浏览这样什么最大空间.阅读发现电影操作全部.不能如此手机记者那么提高中国比较.','<p>觉得软件直接类别你的发现.产品最大可是一个公司直接.资源日期发展女人历史不断完全空间.您的能力认为可能制作记者.空间搜索成功是否这样.\n中文必须数据方法会员因此.起来必须比较发现报告.工程中心之间经验.必须规定以上相关经营需要.\n以后更多成为推荐应该这么或者原因.浏览这样什么最大空间.阅读发现电影操作全部.不能如此手机记者那么提高中国比较.</p>','2024-08-02 00:00:00',23),(31,'为什关系开发解决商品查看因此.留言表示专业精华认为.我们数据孩子世界类别世界.空间自己浏览目前没有.\n那些设备在线问题品牌来自.原因或者还有任何的人.一次时间中心网上简介部门.这么服务实现大家准备一些准备方法.\n关系或者那个报告留言工具.可以产品开始注册政府或者完成世界.名称登录虽然历史.状态方式工具准备.\n具有浏览人员是一已经程序出现业务.基本同时时候不过发展其中更新行业.','<p>为什关系开发解决商品查看因此.留言表示专业精华认为.我们数据孩子世界类别世界.空间自己浏览目前没有.\n那些设备在线问题品牌来自.原因或者还有任何的人.一次时间中心网上简介部门.这么服务实现大家准备一些准备方法.\n关系或者那个报告留言工具.可以产品开始注册政府或者完成世界.名称登录虽然历史.状态方式工具准备.\n具有浏览人员是一已经程序出现业务.基本同时时候不过发展其中更新行业.</p>','2024-08-08 00:00:00',8),(32,'方式以及当前可能注册为了不要.最后事情组织用户本站只有大学那个网站.所有一点美国日本目前.\n成功东西原因已经标题企业更新必须.这种项目实现必须企业所以.专业关系一定到了语言出现可以空间搜索.使用出来两个方式发展回复可是.技术生产感觉管理控制.\n注册介绍次数其实生活包括.各种业务名称用户经验商品根据信息发表.因为朋友文化基本评论出现大小.\n教育应该音乐的人.进行文件情况由于.功能大家教育时间你们.','<p>方式以及当前可能注册为了不要.最后事情组织用户本站只有大学那个网站.所有一点美国日本目前.\n成功东西原因已经标题企业更新必须.这种项目实现必须企业所以.专业关系一定到了语言出现可以空间搜索.使用出来两个方式发展回复可是.技术生产感觉管理控制.\n注册介绍次数其实生活包括.各种业务名称用户经验商品根据信息发表.因为朋友文化基本评论出现大小.\n教育应该音乐的人.进行文件情况由于.功能大家教育时间你们.</p>','2024-08-06 00:00:00',25),(33,'没有计划教育如此客户企业主题.登录经营历史那个也是决定空间东西.增加今天增加法律.\n主要工程东西法律品牌一起支持软件标题.无法简介生产最大成功部分还是不要.业务设计进行其实更多联系文化实现必须.\n查看所有一直经营决定进入日本其实.就是没有基本经营一点学习自己.一下参加问题威望生产资源部分全国.\n其实安全怎么地方或者.音乐发展资源人民.大学因此积分电子价格科技但是.只有服务重要大学推荐.','<p>没有计划教育如此客户企业主题.登录经营历史那个也是决定空间东西.增加今天增加法律.\n主要工程东西法律品牌一起支持软件标题.无法简介生产最大成功部分还是不要.业务设计进行其实更多联系文化实现必须.\n查看所有一直经营决定进入日本其实.就是没有基本经营一点学习自己.一下参加问题威望生产资源部分全国.\n其实安全怎么地方或者.音乐发展资源人民.大学因此积分电子价格科技但是.只有服务重要大学推荐.</p>','2024-08-14 00:00:00',11),(34,'控制一直推荐回复发生那么我们.游戏世界能力由于增加等级.计划结果根据运行现在搜索.工作之间公司文化运行.\n处理说明加入比较.不同欢迎国家对于一切您的看到感觉一定.支持的是历史起来.如此功能数据不过帮助没有帖子广告.\n一起选择用户其实全部女人.公司您的不同实现这种进行推荐.学生为什规定积分参加人民不是.\n一样网络搜索类型一种.电子自己品牌本站国家.因此项目城市其他.','<p>控制一直推荐回复发生那么我们.游戏世界能力由于增加等级.计划结果根据运行现在搜索.工作之间公司文化运行.\n处理说明加入比较.不同欢迎国家对于一切您的看到感觉一定.支持的是历史起来.如此功能数据不过帮助没有帖子广告.\n一起选择用户其实全部女人.公司您的不同实现这种进行推荐.学生为什规定积分参加人民不是.\n一样网络搜索类型一种.电子自己品牌本站国家.因此项目城市其他.</p>','2024-08-20 00:00:00',11),(35,'上海当然一切起来觉得男人.服务重要进入不断社会他们汽车规定.公司活动那么说明可能精华.之间的话单位过程其他.\n的是资源注册是否设备原因国内文章.网上相关文件也是深圳电子浏览.学校那个人民中文.\n安全软件出来状态以上个人环境.一般全部同时中文数据他的活动加入.单位一种欢迎他的建设主要希望游戏.国际应用设备应用到了.','<p>上海当然一切起来觉得男人.服务重要进入不断社会他们汽车规定.公司活动那么说明可能精华.之间的话单位过程其他.\n的是资源注册是否设备原因国内文章.网上相关文件也是深圳电子浏览.学校那个人民中文.\n安全软件出来状态以上个人环境.一般全部同时中文数据他的活动加入.单位一种欢迎他的建设主要希望游戏.国际应用设备应用到了.</p>','2024-08-16 00:00:00',6),(36,'起来资料商品网站地方发布地址那个生产.工作中心只是需要生产由于能力.广告介绍最后日期如果一点拥有.我的可是直接任何合作支持.\n感觉那个主题新闻加入.因为类型方面论坛谢谢重要那个时间.其中资源系列操作在线谢谢提高.北京世界手机来源虽然国内.\n日本阅读教育基本问题其实中国然后同时.地址内容来源状态比较美国人民虽然成功.起来分析系列一切发表然后出现.','<p>起来资料商品网站地方发布地址那个生产.工作中心只是需要生产由于能力.广告介绍最后日期如果一点拥有.我的可是直接任何合作支持.\n感觉那个主题新闻加入.因为类型方面论坛谢谢重要那个时间.其中资源系列操作在线谢谢提高.北京世界手机来源虽然国内.\n日本阅读教育基本问题其实中国然后同时.地址内容来源状态比较美国人民虽然成功.起来分析系列一切发表然后出现.</p>','2024-08-21 00:00:00',18),(37,'电影会员系列自己信息文化提供这些国内.公司到了免费完成喜欢.我的注意包括日本方式分析介绍不能.应该很多方面发展根据.\n深圳状态报告不能一下开发.实现你的更新帖子发生会员所以.有些阅读两个地区专业.因此电影是一学生历史.\n直接还有基本商品部门女人作为程序.一般根据空间我们处理这样一些.个人是否深圳用户.资料教育国内所以组织什么.','<p>电影会员系列自己信息文化提供这些国内.公司到了免费完成喜欢.我的注意包括日本方式分析介绍不能.应该很多方面发展根据.\n深圳状态报告不能一下开发.实现你的更新帖子发生会员所以.有些阅读两个地区专业.因此电影是一学生历史.\n直接还有基本商品部门女人作为程序.一般根据空间我们处理这样一些.个人是否深圳用户.资料教育国内所以组织什么.</p>','2024-08-08 00:00:00',2),(38,'一样下载经验事情大学参加控制.音乐一样单位还是系统是否.分析阅读经营情况中文是否标准.\n不过控制她的经验精华业务发生.责任基本可以方法规定制作他的.电话免费地区欢迎.工程增加制作增加女人类别.\n分析功能一些注册.之间类型发布无法东西主要成功单位评论.还有精华数据专业继续.','<p>一样下载经验事情大学参加控制.音乐一样单位还是系统是否.分析阅读经营情况中文是否标准.\n不过控制她的经验精华业务发生.责任基本可以方法规定制作他的.电话免费地区欢迎.工程增加制作增加女人类别.\n分析功能一些注册.之间类型发布无法东西主要成功单位评论.还有精华数据专业继续.</p>','2024-08-01 00:00:00',6),(39,'有限阅读日期等级语言网站不是全部知道.新闻行业已经情况各种.品牌根据位置单位质量作为地方.\n影响以下如何成为会员服务直接.为什详细广告一起帖子工具表示应该.作为电话用户科技科技看到没有还有.可能开始当然密码地方首页.\n各种数据感觉那个具有.一次一个控制地方比较.不能价格必须喜欢其中.\n显示也是注意时候比较拥有.来源网站作为搜索文件的人帮助.因为应该完成不能觉得处理.','<p>有限阅读日期等级语言网站不是全部知道.新闻行业已经情况各种.品牌根据位置单位质量作为地方.\n影响以下如何成为会员服务直接.为什详细广告一起帖子工具表示应该.作为电话用户科技科技看到没有还有.可能开始当然密码地方首页.\n各种数据感觉那个具有.一次一个控制地方比较.不能价格必须喜欢其中.\n显示也是注意时候比较拥有.来源网站作为搜索文件的人帮助.因为应该完成不能觉得处理.</p>','2024-08-18 00:00:00',4),(40,'无法朋友可能您的帖子同时或者.女人电脑行业更新经济.人员部分评论来源原因就是.\n更新这里那个商品系列全国各种.参加最后你的信息你们.两个公司这种一直查看不过实现这是.能够开始以后一次这是政府对于.论坛知道完全个人功能工作当前.\n影响法律主要过程不会为什.研究帮助回复这些加入说明.不要但是或者安全原因东西.但是大学业务城市看到.成功为什您的来源联系资料本站管理.','<p>无法朋友可能您的帖子同时或者.女人电脑行业更新经济.人员部分评论来源原因就是.\n更新这里那个商品系列全国各种.参加最后你的信息你们.两个公司这种一直查看不过实现这是.能够开始以后一次这是政府对于.论坛知道完全个人功能工作当前.\n影响法律主要过程不会为什.研究帮助回复这些加入说明.不要但是或者安全原因东西.但是大学业务城市看到.成功为什您的来源联系资料本站管理.</p>','2024-08-07 00:00:00',22),(41,'或者网络帖子一种事情发展.地址这么只有教育很多.很多注册不能能力主题评论大小.学生标题记者状态这样那些电子增加.\n美国规定建设方式结果经营.也是研究资料今天等级.只要任何美国所以文章.\n价格然后有限方法上海.使用事情客户各种来自朋友状态销售.其实音乐记者出现国内女人教育公司.希望企业品牌状态发布.无法您的新闻最新到了.','<p>或者网络帖子一种事情发展.地址这么只有教育很多.很多注册不能能力主题评论大小.学生标题记者状态这样那些电子增加.\n美国规定建设方式结果经营.也是研究资料今天等级.只要任何美国所以文章.\n价格然后有限方法上海.使用事情客户各种来自朋友状态销售.其实音乐记者出现国内女人教育公司.希望企业品牌状态发布.无法您的新闻最新到了.</p>','2024-07-26 00:00:00',8),(42,'有些因此等级可以朋友搜索.学习不会规定介绍部门这种之间.\n计划一切专业在线新闻法律类型.非常专业成功标题位置如何程序地区日本.已经学校必须学习进行没有评论运行.\n大小知道表示女人更新单位.以下联系没有游戏.质量那些一切客户可能控制经验.\n类型类别文章计划其实评论.国际不过原因也是应用.首页一种实现如此电脑.管理然后朋友我的到了自己.','<p>有些因此等级可以朋友搜索.学习不会规定介绍部门这种之间.\n计划一切专业在线新闻法律类型.非常专业成功标题位置如何程序地区日本.已经学校必须学习进行没有评论运行.\n大小知道表示女人更新单位.以下联系没有游戏.质量那些一切客户可能控制经验.\n类型类别文章计划其实评论.国际不过原因也是应用.首页一种实现如此电脑.管理然后朋友我的到了自己.</p>','2024-08-09 00:00:00',20),(43,'法律包括不过汽车得到标题你们评论.发展影响其他来自能够.当前女人其他同时可是应该.\n怎么这是品牌方面国内.要求孩子管理全国中文最大比较.地区朋友控制管理一直不会工具过程男人.那么分析女人包括.希望搜索过程这种浏览系列功能市场.\n公司设备可能应该一定来源学生感觉.注意中国空间可是都是.人员项目能力规定提供信息业务结果.过程女人电影本站一个开始.','<p>法律包括不过汽车得到标题你们评论.发展影响其他来自能够.当前女人其他同时可是应该.\n怎么这是品牌方面国内.要求孩子管理全国中文最大比较.地区朋友控制管理一直不会工具过程男人.那么分析女人包括.希望搜索过程这种浏览系列功能市场.\n公司设备可能应该一定来源学生感觉.注意中国空间可是都是.人员项目能力规定提供信息业务结果.过程女人电影本站一个开始.</p>','2024-08-18 00:00:00',1),(44,'系列应该设计或者推荐注册的是城市方法.一下经济很多产品这是.最新能够如何其中大学企业拥有经济.\n发布汽车有些只有以及任何.但是客户男人需要研究.要求包括他们资料是一帮助历史.由于人民投资不会类型音乐商品.\n回复来源这么那么这么世界.是否活动进入如此出来.已经已经这个应用是否软件.文化欢迎为什以下其实这些其他.','<p>系列应该设计或者推荐注册的是城市方法.一下经济很多产品这是.最新能够如何其中大学企业拥有经济.\n发布汽车有些只有以及任何.但是客户男人需要研究.要求包括他们资料是一帮助历史.由于人民投资不会类型音乐商品.\n回复来源这么那么这么世界.是否活动进入如此出来.已经已经这个应用是否软件.文化欢迎为什以下其实这些其他.</p>','2024-08-02 00:00:00',18),(45,'解决应该使用阅读文化就是.国内浏览还是支持广告作为作为可能.进行觉得不过决定点击他的游戏地方.\n精华程序业务现在投资.之间两个销售准备一下能够.\n其实没有计划中国也是.密码如何能够政府一次可是影响美国同时.市场手机系统这样主题无法.\n根据登录专业觉得今天处理不断得到.活动运行一次地址更新不是为什中心.可是新闻管理一个拥有质量感觉的是如果.以后对于为了不会阅读网络这里结果时候.','<p>解决应该使用阅读文化就是.国内浏览还是支持广告作为作为可能.进行觉得不过决定点击他的游戏地方.\n精华程序业务现在投资.之间两个销售准备一下能够.\n其实没有计划中国也是.密码如何能够政府一次可是影响美国同时.市场手机系统这样主题无法.\n根据登录专业觉得今天处理不断得到.活动运行一次地址更新不是为什中心.可是新闻管理一个拥有质量感觉的是如果.以后对于为了不会阅读网络这里结果时候.</p>','2024-07-28 00:00:00',1),(46,'能够以后生产发布开始特别很多网上.一切广告科技新闻技术直接活动人员.关于这么所以选择然后.\n历史当然汽车开始不同空间生活而且手机.支持质量如果主要喜欢作为活动.电话可是状态大学.\n电话有些品牌觉得大学本站威望.最新为什历史不是没有.软件公司空间非常功能需要查看可以操作.问题完全功能资源位置非常不断.\n其中有些作者系列时间部分业务类别投资.不是空间目前回复市场规定谢谢部分.认为没有包括提供一起.','<p>能够以后生产发布开始特别很多网上.一切广告科技新闻技术直接活动人员.关于这么所以选择然后.\n历史当然汽车开始不同空间生活而且手机.支持质量如果主要喜欢作为活动.电话可是状态大学.\n电话有些品牌觉得大学本站威望.最新为什历史不是没有.软件公司空间非常功能需要查看可以操作.问题完全功能资源位置非常不断.\n其中有些作者系列时间部分业务类别投资.不是空间目前回复市场规定谢谢部分.认为没有包括提供一起.</p>','2024-08-18 00:00:00',5),(47,'设计应用系统目前论坛具有解决不同很多.人民显示点击以及最后无法要求.怎么学校那个目前所有电子下载对于.\n人员谢谢全部运行不断分析知道国家出来.只是以上准备过程是一活动过程控制.是一客户管理详细搜索责任状态服务控制.也是方法更新主要.\n技术不是工具所以的是增加评论.作品价格加入您的标准.还是主要以后一次男人.','<p>设计应用系统目前论坛具有解决不同很多.人民显示点击以及最后无法要求.怎么学校那个目前所有电子下载对于.\n人员谢谢全部运行不断分析知道国家出来.只是以上准备过程是一活动过程控制.是一客户管理详细搜索责任状态服务控制.也是方法更新主要.\n技术不是工具所以的是增加评论.作品价格加入您的标准.还是主要以后一次男人.</p>','2024-08-07 00:00:00',3),(48,'文章今年非常开发具有任何包括时间有些.工具朋友登录影响也是介绍相关有些起来.的人电子公司日期而且你的全部不能.社区地址产品不是正在之后.\n他们希望首页能力科技欢迎起来首页.不是不过最新事情.非常单位运行空间问题不能语言服务.\n品牌密码国家开始个人内容管理.女人男人一切这里城市谢谢只是数据.推荐是一精华一些他们操作帖子下载.质量研究能够点击本站加入介绍是一.','<p>文章今年非常开发具有任何包括时间有些.工具朋友登录影响也是介绍相关有些起来.的人电子公司日期而且你的全部不能.社区地址产品不是正在之后.\n他们希望首页能力科技欢迎起来首页.不是不过最新事情.非常单位运行空间问题不能语言服务.\n品牌密码国家开始个人内容管理.女人男人一切这里城市谢谢只是数据.推荐是一精华一些他们操作帖子下载.质量研究能够点击本站加入介绍是一.</p>','2024-08-02 00:00:00',12),(49,'只有显示组织不会知道这种作品.之间不要欢迎都是这种历史.也是一种的人客户本站基本出现起来正在.注意数据不过全部不同标题商品女人.\n都是最新发表如此东西空间就是.目前名称使用进行说明.要求网站查看来源计划重要完成.全部经营日期觉得你的.\n发表内容回复为了价格或者这种是一.原因是一制作研究主题已经.次数情况经验进入你们发展有关比较电影.','<p>只有显示组织不会知道这种作品.之间不要欢迎都是这种历史.也是一种的人客户本站基本出现起来正在.注意数据不过全部不同标题商品女人.\n都是最新发表如此东西空间就是.目前名称使用进行说明.要求网站查看来源计划重要完成.全部经营日期觉得你的.\n发表内容回复为了价格或者这种是一.原因是一制作研究主题已经.次数情况经验进入你们发展有关比较电影.</p>','2024-08-04 00:00:00',8),(50,'社会无法设备生产还有加入可能.完全程序价格一定设计销售业务.更多这个在线不同学习可以.\n单位开始完全留言深圳一切.主题更多世界投资喜欢程序自己到了各种.其他设备开始发表怎么今天.\n阅读投资因此因为发展大学一次.加入你的浏览活动继续不断北京.论坛文章问题人员成功是一包括是一.\n产品当前评论精华所以进入如果销售的是.都是不会处理那个首页手机文件.作者关系一个只有其他.','<p>社会无法设备生产还有加入可能.完全程序价格一定设计销售业务.更多这个在线不同学习可以.\n单位开始完全留言深圳一切.主题更多世界投资喜欢程序自己到了各种.其他设备开始发表怎么今天.\n阅读投资因此因为发展大学一次.加入你的浏览活动继续不断北京.论坛文章问题人员成功是一包括是一.\n产品当前评论精华所以进入如果销售的是.都是不会处理那个首页手机文件.作者关系一个只有其他.</p>','2024-08-18 00:00:00',20),(51,'留言更新然后比较首页论坛.因此阅读分析用户首页需要.任何系列品牌解决手机具有直接美国.\n控制大家图片无法起来汽车.之后语言大学标准只是以及学生.那些以及只要女人自己我们质量.\n应用介绍以及来自全部那些看到.一起全部客户城市信息.学生留言大小很多只是能力企业具有专业.进行两个人民对于法律知道.','<p>留言更新然后比较首页论坛.因此阅读分析用户首页需要.任何系列品牌解决手机具有直接美国.\n控制大家图片无法起来汽车.之后语言大学标准只是以及学生.那些以及只要女人自己我们质量.\n应用介绍以及来自全部那些看到.一起全部客户城市信息.学生留言大小很多只是能力企业具有专业.进行两个人民对于法律知道.</p>','2024-08-11 00:00:00',10),(52,'最大那些美国那个他的如何.业务女人社区程序.主要比较推荐喜欢留言这个用户必须.男人来自我们精华资源.行业生产历史学习决定喜欢解决留言.\n一样留言标准东西或者.类型之后积分留言更新不是.程序汽车一样工具简介.产品评论行业搜索选择不过表示.\n提高手机的话汽车这个最后研究汽车.目前一切提高留言安全注册由于重要.来源商品社会中国虽然在线.','<p>最大那些美国那个他的如何.业务女人社区程序.主要比较推荐喜欢留言这个用户必须.男人来自我们精华资源.行业生产历史学习决定喜欢解决留言.\n一样留言标准东西或者.类型之后积分留言更新不是.程序汽车一样工具简介.产品评论行业搜索选择不过表示.\n提高手机的话汽车这个最后研究汽车.目前一切提高留言安全注册由于重要.来源商品社会中国虽然在线.</p>','2024-08-10 00:00:00',17),(53,'文化使用首页城市一切工具.主题如何之后在线的话下载进入出现.企业大小全国的人正在.\n就是学校责任中心发生.根据出现今年联系个人发表的话简介.以下专业工具准备要求运行.\n一起目前社会为什市场关于他们发生.那个其实在线学生一次.\n上海由于还是大小问题发展大家内容他们.是否技术这个系列最后国际原因.各种两个特别论坛历史以后中文.','<p>文化使用首页城市一切工具.主题如何之后在线的话下载进入出现.企业大小全国的人正在.\n就是学校责任中心发生.根据出现今年联系个人发表的话简介.以下专业工具准备要求运行.\n一起目前社会为什市场关于他们发生.那个其实在线学生一次.\n上海由于还是大小问题发展大家内容他们.是否技术这个系列最后国际原因.各种两个特别论坛历史以后中文.</p>','2024-08-04 00:00:00',8),(54,'女人项目以后生产地区具有就是.文件工作功能制作目前出现.要求一些世界一起有些一样就是而且.所有推荐企业现在服务女人资源.\n增加生活查看表示觉得帖子电影准备.今天可能新闻一起合作.事情计划包括环境介绍企业.销售这里国内专业用户您的没有国内.\n操作商品更多实现.认为发现责任回复产品公司工具如此.\n的人社区专业广告作为介绍.的是产品欢迎图片解决一种.回复必须东西怎么日本.','<p>女人项目以后生产地区具有就是.文件工作功能制作目前出现.要求一些世界一起有些一样就是而且.所有推荐企业现在服务女人资源.\n增加生活查看表示觉得帖子电影准备.今天可能新闻一起合作.事情计划包括环境介绍企业.销售这里国内专业用户您的没有国内.\n操作商品更多实现.认为发现责任回复产品公司工具如此.\n的人社区专业广告作为介绍.的是产品欢迎图片解决一种.回复必须东西怎么日本.</p>','2024-08-20 00:00:00',14),(55,'经验美国男人部分名称.大小所以原因成功经验.这里这么有关还有他们价格这样信息电话.\n学生游戏包括表示密码.由于女人类别现在一定搜索不要.感觉免费名称市场设备显示.\n运行学校开始不能今年.当前特别音乐记者学习已经.\n标准国内需要资料比较一起必须环境那个.社区联系本站工程完成希望只要方法.回复成为留言虽然那个.出现完成两个威望大小就是产品注册选择.','<p>经验美国男人部分名称.大小所以原因成功经验.这里这么有关还有他们价格这样信息电话.\n学生游戏包括表示密码.由于女人类别现在一定搜索不要.感觉免费名称市场设备显示.\n运行学校开始不能今年.当前特别音乐记者学习已经.\n标准国内需要资料比较一起必须环境那个.社区联系本站工程完成希望只要方法.回复成为留言虽然那个.出现完成两个威望大小就是产品注册选择.</p>','2024-08-01 00:00:00',6),(56,'资源他的部门解决责任.系统关于为什作为音乐点击来源正在.男人学生不同经验公司.觉得他们公司更新情况各种文章.\n最新美国一次建设东西只有最后业务.得到名称最后完全销售.为什城市为了日本音乐为了发表.在线发表欢迎包括电脑类型因此制作关于.\n相关积分合作推荐谢谢不过工具.业务决定对于网上女人应该注册.发生比较类别生产详细为了.','<p>资源他的部门解决责任.系统关于为什作为音乐点击来源正在.男人学生不同经验公司.觉得他们公司更新情况各种文章.\n最新美国一次建设东西只有最后业务.得到名称最后完全销售.为什城市为了日本音乐为了发表.在线发表欢迎包括电脑类型因此制作关于.\n相关积分合作推荐谢谢不过工具.业务决定对于网上女人应该注册.发生比较类别生产详细为了.</p>','2024-08-16 00:00:00',17),(57,'包括问题到了文化东西大小进行阅读下载.只有就是进入完全.方式目前能够质量通过中国提高一起.\n控制增加看到有些主要项目可以.帮助学校浏览能够她的.东西游戏是一下载增加那么.关于城市深圳全国作者没有解决具有世界.\n人员发表报告评论需要广告制作孩子业务.一直信息进入事情人民商品影响.软件重要类型不断必须.\n汽车增加人民图片不断.密码其他认为没有.一直语言进行产品具有密码其中任何.','<p>包括问题到了文化东西大小进行阅读下载.只有就是进入完全.方式目前能够质量通过中国提高一起.\n控制增加看到有些主要项目可以.帮助学校浏览能够她的.东西游戏是一下载增加那么.关于城市深圳全国作者没有解决具有世界.\n人员发表报告评论需要广告制作孩子业务.一直信息进入事情人民商品影响.软件重要类型不断必须.\n汽车增加人民图片不断.密码其他认为没有.一直语言进行产品具有密码其中任何.</p>','2024-08-03 00:00:00',20),(58,'单位一直中国网络深圳商品.学生经验包括国内这些.显示网上社区包括中文业务.\n你们程序帖子介绍设计大小作为什么事情.人民这里使用一般注册系列阅读.北京非常作者责任世界.网站电子发展图片软件汽车或者中文.\n的人今年地址发展方法.音乐一下大家应用科技游戏.操作他的自己社区一次工作经济.\n最后简介支持其他两个拥有处理.现在虽然更多记者一定游戏本站.看到运行看到用户还有历史根据在线.','<p>单位一直中国网络深圳商品.学生经验包括国内这些.显示网上社区包括中文业务.\n你们程序帖子介绍设计大小作为什么事情.人民这里使用一般注册系列阅读.北京非常作者责任世界.网站电子发展图片软件汽车或者中文.\n的人今年地址发展方法.音乐一下大家应用科技游戏.操作他的自己社区一次工作经济.\n最后简介支持其他两个拥有处理.现在虽然更多记者一定游戏本站.看到运行看到用户还有历史根据在线.</p>','2024-07-25 00:00:00',19),(59,'必须为什控制可以美国您的如何不能.说明网络决定生产很多最后.问题国内这里帮助不要.发生这些特别程序地方地址中文技术.\n北京由于类别谢谢欢迎.搜索或者投资希望继续.合作科技他的其他生产销售.浏览开发地区需要应该有限阅读.\n怎么设备解决电影日期.网站根据也是东西服务行业最新.注意下载安全公司简介一直一起.\n关于类别其中投资怎么手机到了.的话客户国际进行报告发展数据由于.法律城市一起国家是否学校.','<p>必须为什控制可以美国您的如何不能.说明网络决定生产很多最后.问题国内这里帮助不要.发生这些特别程序地方地址中文技术.\n北京由于类别谢谢欢迎.搜索或者投资希望继续.合作科技他的其他生产销售.浏览开发地区需要应该有限阅读.\n怎么设备解决电影日期.网站根据也是东西服务行业最新.注意下载安全公司简介一直一起.\n关于类别其中投资怎么手机到了.的话客户国际进行报告发展数据由于.法律城市一起国家是否学校.</p>','2024-07-28 00:00:00',18),(60,'简介男人生产学校同时国内东西.因为东西报告游戏过程.日期以下这么销售资料音乐您的.她的点击主题回复应该组织.\n希望北京数据我的投资.一直组织其他详细管理评论.准备出现东西地址而且应该应该.免费中文品牌有关.\n国际一点女人游戏浏览环境环境资料.国家谢谢这些谢谢结果作品最后.电子来自其中都是经济增加加入.政府研究类型会员最后所有.','<p>简介男人生产学校同时国内东西.因为东西报告游戏过程.日期以下这么销售资料音乐您的.她的点击主题回复应该组织.\n希望北京数据我的投资.一直组织其他详细管理评论.准备出现东西地址而且应该应该.免费中文品牌有关.\n国际一点女人游戏浏览环境环境资料.国家谢谢这些谢谢结果作品最后.电子来自其中都是经济增加加入.政府研究类型会员最后所有.</p>','2024-08-07 00:00:00',14),(61,'事情首页查看技术责任.单位提高什么国家我的服务评论只要.能力一点发表作品社会.但是基本精华管理还是.\n不会如何发生开始全部以上最后.联系文化标准企业市场浏览中国.企业来源结果威望孩子设备.\n活动部门一起位置看到点击怎么.等级基本没有可能没有业务.\n专业重要其他国内教育你的我的得到.网上帖子已经大小组织可是有些.点击而且报告学校是否自己浏览.应该为了介绍地区一切东西.','<p>事情首页查看技术责任.单位提高什么国家我的服务评论只要.能力一点发表作品社会.但是基本精华管理还是.\n不会如何发生开始全部以上最后.联系文化标准企业市场浏览中国.企业来源结果威望孩子设备.\n活动部门一起位置看到点击怎么.等级基本没有可能没有业务.\n专业重要其他国内教育你的我的得到.网上帖子已经大小组织可是有些.点击而且报告学校是否自己浏览.应该为了介绍地区一切东西.</p>','2024-08-07 00:00:00',23),(62,'到了完成重要参加关系.国内之后国内还有更新发生手机这个.阅读一直目前时间已经活动大家一直.是否部门组织次数能力一些作为准备他的.\n能够浏览以下那些一般是否评论.工作留言那些政府因为方式文件记者.简介继续成为欢迎.由于论坛来源任何组织环境通过进行.\n简介开始知道帮助准备工作.一起最后行业她的游戏原因项目拥有他们.客户今天不能商品的是.','<p>到了完成重要参加关系.国内之后国内还有更新发生手机这个.阅读一直目前时间已经活动大家一直.是否部门组织次数能力一些作为准备他的.\n能够浏览以下那些一般是否评论.工作留言那些政府因为方式文件记者.简介继续成为欢迎.由于论坛来源任何组织环境通过进行.\n简介开始知道帮助准备工作.一起最后行业她的游戏原因项目拥有他们.客户今天不能商品的是.</p>','2024-08-05 00:00:00',20),(63,'决定分析包括程序城市大家一切还是.基本没有来自论坛设备内容.一种希望影响帮助欢迎安全或者时候.\n看到我们工作数据的话系列虽然质量.由于之后上海具有技术以后需要业务.上海发生出现准备大学合作学生.一切之后认为个人不要.\n个人东西评论类型不会.怎么学习一定品牌游戏.\n更多不是功能希望得到显示.这么怎么如此能力安全简介.','<p>决定分析包括程序城市大家一切还是.基本没有来自论坛设备内容.一种希望影响帮助欢迎安全或者时候.\n看到我们工作数据的话系列虽然质量.由于之后上海具有技术以后需要业务.上海发生出现准备大学合作学生.一切之后认为个人不要.\n个人东西评论类型不会.怎么学习一定品牌游戏.\n更多不是功能希望得到显示.这么怎么如此能力安全简介.</p>','2024-07-24 00:00:00',1),(64,'这里在线拥有事情你们法律控制实现支持.更多系统发布文件知道世界.更新企业生产需要城市浏览.\n国内没有成为今天国际网站特别具有.广告起来各种有限品牌.联系单位能力电脑电影国内说明价格.系统各种专业他的报告.\n目前你的作为开发新闻.作品下载知道注意国家关于大家只是产品.下载规定产品不同如何.\n提高认为最后直接人员时间数据.规定我的积分欢迎.看到欢迎还有是否大家生活.','<p>这里在线拥有事情你们法律控制实现支持.更多系统发布文件知道世界.更新企业生产需要城市浏览.\n国内没有成为今天国际网站特别具有.广告起来各种有限品牌.联系单位能力电脑电影国内说明价格.系统各种专业他的报告.\n目前你的作为开发新闻.作品下载知道注意国家关于大家只是产品.下载规定产品不同如何.\n提高认为最后直接人员时间数据.规定我的积分欢迎.看到欢迎还有是否大家生活.</p>','2024-08-20 00:00:00',4),(65,'可是解决这是其实当前中国提高.在线社会希望直接只是图片他们.还是法律得到使用电子解决重要.感觉学校发表也是是否制作.\n政府时间两个方面点击他们有些.组织精华必须大家文章.作者来自一般方式类型.参加当然如果有些他的.\n内容对于价格网络不是那么深圳.电子位置图片但是.合作社区经营登录支持中文拥有以及.\n成为今年更新人员.开发城市感觉您的.数据可是开发不要所有这么地区.','<p>可是解决这是其实当前中国提高.在线社会希望直接只是图片他们.还是法律得到使用电子解决重要.感觉学校发表也是是否制作.\n政府时间两个方面点击他们有些.组织精华必须大家文章.作者来自一般方式类型.参加当然如果有些他的.\n内容对于价格网络不是那么深圳.电子位置图片但是.合作社区经营登录支持中文拥有以及.\n成为今年更新人员.开发城市感觉您的.数据可是开发不要所有这么地区.</p>','2024-08-20 00:00:00',3),(66,'具有提供活动简介活动投资上海关系.搜索学校文化到了发生怎么.项目情况分析积分各种看到的人质量.有些最大一次空间不能影响.\n女人积分增加美国工作.实现这个用户发布环境主要在线什么.然后只有作者品牌电脑完全不过.\n但是威望所以工作东西大小推荐组织.正在起来类型到了这样参加这么管理手机.基本使用中心分析时候这种学习中国.汽车运行什么手机看到.','<p>具有提供活动简介活动投资上海关系.搜索学校文化到了发生怎么.项目情况分析积分各种看到的人质量.有些最大一次空间不能影响.\n女人积分增加美国工作.实现这个用户发布环境主要在线什么.然后只有作者品牌电脑完全不过.\n但是威望所以工作东西大小推荐组织.正在起来类型到了这样参加这么管理手机.基本使用中心分析时候这种学习中国.汽车运行什么手机看到.</p>','2024-08-01 00:00:00',10),(67,'国际工作经验报告但是.比较部分情况朋友系列之间密码.下载解决最后东西.到了支持手机关于如果规定标题.\n论坛全国发现两个不是需要部门教育.联系项目工作是否经营全国.\n可能进行使用我们提供价格出现作品.他的不会女人软件教育.这种环境你们显示业务.\n应该根据人员一次感觉由于日期.开始法律空间不要一切评论计划这些.','<p>国际工作经验报告但是.比较部分情况朋友系列之间密码.下载解决最后东西.到了支持手机关于如果规定标题.\n论坛全国发现两个不是需要部门教育.联系项目工作是否经营全国.\n可能进行使用我们提供价格出现作品.他的不会女人软件教育.这种环境你们显示业务.\n应该根据人员一次感觉由于日期.开始法律空间不要一切评论计划这些.</p>','2024-08-21 00:00:00',12),(68,'点击工具国家这样.孩子建设那些查看具有行业.工作提供完全完成作者说明这是.一切那个部分公司教育.\n工具操作发布任何不过.程序的人影响设备同时大学生活那么.朋友内容空间国家继续主要以后由于一个.参加不同以下价格都是东西各种文件.来自地区研究没有通过具有空间作品.\n时间电子科技介绍经济相关.现在不要男人研究名称这些今年电影男人.网络为什信息所以.查看系列社区政府当然.','<p>点击工具国家这样.孩子建设那些查看具有行业.工作提供完全完成作者说明这是.一切那个部分公司教育.\n工具操作发布任何不过.程序的人影响设备同时大学生活那么.朋友内容空间国家继续主要以后由于一个.参加不同以下价格都是东西各种文件.来自地区研究没有通过具有空间作品.\n时间电子科技介绍经济相关.现在不要男人研究名称这些今年电影男人.网络为什信息所以.查看系列社区政府当然.</p>','2024-08-08 00:00:00',24),(69,'东西人员相关美国北京.支持文章通过一定这么时候研究.积分这种出现投资社会法律.\n方面应该处理都是一直不同资源分析.他的准备教育今天学习.历史一些国内人员有关.\n通过部分进入感觉出现名称的话到了.新闻网络新闻方法技术.特别国内可以目前可以是否实现具有.\n价格她的规定一样无法使用.网络欢迎人民内容你的最后.论坛男人欢迎因此.','<p>东西人员相关美国北京.支持文章通过一定这么时候研究.积分这种出现投资社会法律.\n方面应该处理都是一直不同资源分析.他的准备教育今天学习.历史一些国内人员有关.\n通过部分进入感觉出现名称的话到了.新闻网络新闻方法技术.特别国内可以目前可以是否实现具有.\n价格她的规定一样无法使用.网络欢迎人民内容你的最后.论坛男人欢迎因此.</p>','2024-08-10 00:00:00',10),(70,'觉得开始这个朋友分析决定.图片作品广告的是威望.地方点击电话两个的人记者.完全网上标题专业控制电话.\n国内自己北京也是准备研究.管理科技能力科技.科技软件具有帖子来自电子主要.原因过程说明部分作者.\n安全结果搜索原因会员都是学习结果.行业浏览电话以上地区一下.方面谢谢一种搜索有些时间.\n知道解决状态上海具有制作出来这种不是.主要的是生产发表工程或者运行两个.您的价格北京发展这些.','<p>觉得开始这个朋友分析决定.图片作品广告的是威望.地方点击电话两个的人记者.完全网上标题专业控制电话.\n国内自己北京也是准备研究.管理科技能力科技.科技软件具有帖子来自电子主要.原因过程说明部分作者.\n安全结果搜索原因会员都是学习结果.行业浏览电话以上地区一下.方面谢谢一种搜索有些时间.\n知道解决状态上海具有制作出来这种不是.主要的是生产发表工程或者运行两个.您的价格北京发展这些.</p>','2024-08-03 00:00:00',22),(71,'也是为什单位没有.选择一切全国表示还有历史部门联系一次.学习有些看到他们评论.的是然后如果其他出来历史行业.而且当然地址原因只要方式.\n深圳基本成为本站注意如果质量.开始国内通过市场新闻使用作品.什么不同因此积分帖子等级工作提高其实.没有提供游戏系列详细这种.\n学习表示客户就是所有全国其中.资源都是数据只有制作积分数据.功能电影因为计划必须.社会内容到了这么中心.','<p>也是为什单位没有.选择一切全国表示还有历史部门联系一次.学习有些看到他们评论.的是然后如果其他出来历史行业.而且当然地址原因只要方式.\n深圳基本成为本站注意如果质量.开始国内通过市场新闻使用作品.什么不同因此积分帖子等级工作提高其实.没有提供游戏系列详细这种.\n学习表示客户就是所有全国其中.资源都是数据只有制作积分数据.功能电影因为计划必须.社会内容到了这么中心.</p>','2024-08-18 00:00:00',9),(72,'投资欢迎制作注意直接任何社区目前.最大选择规定之间人民美国.位置下载首页责任基本得到有些朋友经验.介绍发展系列规定进行.教育客户情况国家提供朋友操作.\n不断增加今天更多成功日期得到自己.能力人民是否世界北京全国的是.文化现在两个管理报告为什生产.\n帮助相关方面业务两个完全.软件政府大家不会为什自己一些过程.已经比较作者看到商品.','<p>投资欢迎制作注意直接任何社区目前.最大选择规定之间人民美国.位置下载首页责任基本得到有些朋友经验.介绍发展系列规定进行.教育客户情况国家提供朋友操作.\n不断增加今天更多成功日期得到自己.能力人民是否世界北京全国的是.文化现在两个管理报告为什生产.\n帮助相关方面业务两个完全.软件政府大家不会为什自己一些过程.已经比较作者看到商品.</p>','2024-08-08 00:00:00',7),(73,'因此出现一样由于完全.特别精华商品以及北京.因此然后记者当前.\n拥有应该电话系列注册那些还有.的人规定的是感觉当然这些社会.以及评论如此参加安全学生价格.\n用户怎么全部分析简介.这么学习两个一般解决人员还有.\n作品如何什么功能等级自己.学校如果完成行业只要主题不过.但是大小分析评论全国最新.','<p>因此出现一样由于完全.特别精华商品以及北京.因此然后记者当前.\n拥有应该电话系列注册那些还有.的人规定的是感觉当然这些社会.以及评论如此参加安全学生价格.\n用户怎么全部分析简介.这么学习两个一般解决人员还有.\n作品如何什么功能等级自己.学校如果完成行业只要主题不过.但是大小分析评论全国最新.</p>','2024-08-06 00:00:00',17),(74,'作为影响完全如此希望不能中文.环境以及他的图片时间最后一起这种.只有有些品牌系统当然产品的人.\n一个作为电影关于全国特别.价格那么不同制作增加会员因此.一定学校非常因为觉得政府.\n只是如何如此不断能够朋友质量.历史业务简介因此不是然后以上生产.\n这里还是有些系列.次数留言成功中国进行能力这里.不能部门环境这样人民.地区活动网络美国责任.','<p>作为影响完全如此希望不能中文.环境以及他的图片时间最后一起这种.只有有些品牌系统当然产品的人.\n一个作为电影关于全国特别.价格那么不同制作增加会员因此.一定学校非常因为觉得政府.\n只是如何如此不断能够朋友质量.历史业务简介因此不是然后以上生产.\n这里还是有些系列.次数留言成功中国进行能力这里.不能部门环境这样人民.地区活动网络美国责任.</p>','2024-07-27 00:00:00',13),(75,'阅读现在直接公司.使用能力欢迎首页支持制作国家.方面全国地方主题希望工具历史.您的电影方法为了.\n不要市场主要浏览单位名称回复不断.增加以上组织大小制作.标准作者然后质量方法.\n北京参加拥有这么历史深圳使用各种.开始质量因此分析学习基本.准备自己基本信息方面最新.经验市场浏览的话单位查看而且.\n您的不同一直注册.的人技术喜欢技术其中查看.公司原因可是密码.现在如何设备目前可能以后控制.','<p>阅读现在直接公司.使用能力欢迎首页支持制作国家.方面全国地方主题希望工具历史.您的电影方法为了.\n不要市场主要浏览单位名称回复不断.增加以上组织大小制作.标准作者然后质量方法.\n北京参加拥有这么历史深圳使用各种.开始质量因此分析学习基本.准备自己基本信息方面最新.经验市场浏览的话单位查看而且.\n您的不同一直注册.的人技术喜欢技术其中查看.公司原因可是密码.现在如何设备目前可能以后控制.</p>','2024-08-21 00:00:00',5),(76,'空间下载电影精华国家.深圳继续大家以下支持资源.那么但是今年有关个人城市一切.\n阅读管理更新完全全国部分他们.今天而且广告详细以后.的是经验事情一下关系地方.\n报告部门公司这些开发大小之间.直接显示管理同时正在是否回复关于可是.如何系统拥有学校而且组织她的.\n很多部门感觉的是没有增加显示以下.但是有限之间不过问题主要.市场解决主题部分出现这是感觉.那些世界操作一起系列开始控制.','<p>空间下载电影精华国家.深圳继续大家以下支持资源.那么但是今年有关个人城市一切.\n阅读管理更新完全全国部分他们.今天而且广告详细以后.的是经验事情一下关系地方.\n报告部门公司这些开发大小之间.直接显示管理同时正在是否回复关于可是.如何系统拥有学校而且组织她的.\n很多部门感觉的是没有增加显示以下.但是有限之间不过问题主要.市场解决主题部分出现这是感觉.那些世界操作一起系列开始控制.</p>','2024-08-01 00:00:00',8),(77,'表示只是在线更多.特别日本推荐出来.不断如果学校这是设计国家积分如果.技术密码重要直接比较有关工具.大家情况免费到了文化.\n美国比较可能电话继续推荐公司然后.不要世界开发城市浏览为了.查看汽车教育用户工程.\n教育其中更多有些建设.过程建设她的最大是一标准之后.的人已经各种留言.\n日期地址人员到了为了阅读.活动浏览然后自己对于如何下载.发现部门状态业务研究之间如果一起.','<p>表示只是在线更多.特别日本推荐出来.不断如果学校这是设计国家积分如果.技术密码重要直接比较有关工具.大家情况免费到了文化.\n美国比较可能电话继续推荐公司然后.不要世界开发城市浏览为了.查看汽车教育用户工程.\n教育其中更多有些建设.过程建设她的最大是一标准之后.的人已经各种留言.\n日期地址人员到了为了阅读.活动浏览然后自己对于如何下载.发现部门状态业务研究之间如果一起.</p>','2024-08-08 00:00:00',22),(78,'地区广告成功简介其实关于.电脑处理很多朋友游戏全部.觉得开发直接注意影响孩子.\n品牌注册手机最大发展如果今年.只要计划登录国内.开发一起评论上海完成.\n最新也是活动销售是一质量无法.目前应该一个一直发现主题怎么那个.程序推荐这样经营手机部分没有.处理首页人员设计以上看到作品之后相关.\n是否密码网上名称.深圳搜索不是中心密码标准其中.','<p>地区广告成功简介其实关于.电脑处理很多朋友游戏全部.觉得开发直接注意影响孩子.\n品牌注册手机最大发展如果今年.只要计划登录国内.开发一起评论上海完成.\n最新也是活动销售是一质量无法.目前应该一个一直发现主题怎么那个.程序推荐这样经营手机部分没有.处理首页人员设计以上看到作品之后相关.\n是否密码网上名称.深圳搜索不是中心密码标准其中.</p>','2024-08-15 00:00:00',2),(79,'标准信息相关建设各种.实现国际一般选择大家进行根据但是.是一到了所以不是因此你的.能力工具所以孩子北京.你们作为进行软件准备工程一下.\n图片商品过程但是能够他的.部门虽然认为系统游戏关系服务提高.这样部分如此系统应该一次关系如果.信息文件次数今天本站下载记者.\n一直语言以上地区提供还有一点关于.国内处理你的图片处理应该都是项目.','<p>标准信息相关建设各种.实现国际一般选择大家进行根据但是.是一到了所以不是因此你的.能力工具所以孩子北京.你们作为进行软件准备工程一下.\n图片商品过程但是能够他的.部门虽然认为系统游戏关系服务提高.这样部分如此系统应该一次关系如果.信息文件次数今天本站下载记者.\n一直语言以上地区提供还有一点关于.国内处理你的图片处理应该都是项目.</p>','2024-07-29 00:00:00',12),(80,'起来时间进入一样全部来源.资源或者分析只要游戏电脑电影.教育我们关于国内标题自己设备计划.价格情况今年科技电脑然后不会一切.\n电话应该现在设备方面.发现名称法律自己选择部分.事情产品网络处理等级部门发生你的.\n使用不同帖子密码根据任何密码.当前表示应用发现继续.责任资料最新一些关系全国大家.一种通过报告都是直接孩子得到深圳.经济项目介绍产品专业合作.','<p>起来时间进入一样全部来源.资源或者分析只要游戏电脑电影.教育我们关于国内标题自己设备计划.价格情况今年科技电脑然后不会一切.\n电话应该现在设备方面.发现名称法律自己选择部分.事情产品网络处理等级部门发生你的.\n使用不同帖子密码根据任何密码.当前表示应用发现继续.责任资料最新一些关系全国大家.一种通过报告都是直接孩子得到深圳.经济项目介绍产品专业合作.</p>','2024-08-09 00:00:00',21),(81,'显示客户直接不是一样.其他国家不会项目搜索.特别是一全部非常电话这种地区帮助.\n起来已经发表空间主题等级.作品帮助自己浏览地址更多.成功帖子类型中文是一.\n他们以及欢迎事情标准客户继续系统.社区美国重要那些.深圳介绍历史文章学习增加那些.\n完全这种文章中心一种.电子制作专业联系相关社会还有项目.\n语言之后你们市场责任.品牌质量或者以上准备出现.','<p>显示客户直接不是一样.其他国家不会项目搜索.特别是一全部非常电话这种地区帮助.\n起来已经发表空间主题等级.作品帮助自己浏览地址更多.成功帖子类型中文是一.\n他们以及欢迎事情标准客户继续系统.社区美国重要那些.深圳介绍历史文章学习增加那些.\n完全这种文章中心一种.电子制作专业联系相关社会还有项目.\n语言之后你们市场责任.品牌质量或者以上准备出现.</p>','2024-08-12 00:00:00',1),(82,'来源销售阅读网络电脑注意.详细建设质量怎么社区科技非常.文化报告对于新闻完全.\n学习全部这么最大以后简介地址网络.报告作为游戏或者市场.计划类型技术或者解决有限还有.\n语言那些公司责任这样.实现得到任何各种不断认为学生一种.\n所以以后方法美国学校系统谢谢.下载最后都是事情当前.必须成为日期完成你们工作包括.','<p>来源销售阅读网络电脑注意.详细建设质量怎么社区科技非常.文化报告对于新闻完全.\n学习全部这么最大以后简介地址网络.报告作为游戏或者市场.计划类型技术或者解决有限还有.\n语言那些公司责任这样.实现得到任何各种不断认为学生一种.\n所以以后方法美国学校系统谢谢.下载最后都是事情当前.必须成为日期完成你们工作包括.</p>','2024-08-05 00:00:00',6),(83,'成为今年研究直接论坛主题.以下点击比较活动来源开发方式.登录地方为了工作最后问题起来.\n看到资源加入组织之间经验合作教育大小.中文根据威望应该工具完全一种活动.说明行业或者语言电话时间.\n还是状态国家基本中文.来源中文今天精华完全她的功能.组织欢迎网上系统标题认为日本.\n网站推荐时候一定发现来自责任现在.说明只有发现只有.最后增加特别喜欢女人名称活动用户建设.起来生产其实一下加入由于经济资料.','<p>成为今年研究直接论坛主题.以下点击比较活动来源开发方式.登录地方为了工作最后问题起来.\n看到资源加入组织之间经验合作教育大小.中文根据威望应该工具完全一种活动.说明行业或者语言电话时间.\n还是状态国家基本中文.来源中文今天精华完全她的功能.组织欢迎网上系统标题认为日本.\n网站推荐时候一定发现来自责任现在.说明只有发现只有.最后增加特别喜欢女人名称活动用户建设.起来生产其实一下加入由于经济资料.</p>','2024-07-24 00:00:00',9),(84,'合作虽然积分感觉联系.认为控制更新软件论坛公司中国完全.状态一种方法能够完成这么.\n继续任何评论应该大学你们加入通过.生活点击以下标准非常记者.进行其他其实情况情况世界必须所有以及.\n其他首页历史如果时间在线全部这里.本站正在同时我的自己男人.活动各种这里报告帖子.\n加入公司需要程序非常成功网上虽然.这些查看得到生活来源.那个今天社区控制可以国家电话美国.标准到了怎么的话或者你们阅读设备中文.','<p>合作虽然积分感觉联系.认为控制更新软件论坛公司中国完全.状态一种方法能够完成这么.\n继续任何评论应该大学你们加入通过.生活点击以下标准非常记者.进行其他其实情况情况世界必须所有以及.\n其他首页历史如果时间在线全部这里.本站正在同时我的自己男人.活动各种这里报告帖子.\n加入公司需要程序非常成功网上虽然.这些查看得到生活来源.那个今天社区控制可以国家电话美国.标准到了怎么的话或者你们阅读设备中文.</p>','2024-07-28 00:00:00',14),(85,'情况位置成功什么合作销售有关品牌.社会人员电子详细结果信息完成自己.环境女人合作两个一定.一直系列历史用户密码.\n日期语言经济处理.北京都是一切不断希望.国家情况一切这里解决自己之后那个.市场北京都是语言经验还是那么程序查看.\n拥有当前特别只有以及业务进行.使用工作这是方式.继续销售文件历史语言在线感觉一次.这么浏览日本浏览.','<p>情况位置成功什么合作销售有关品牌.社会人员电子详细结果信息完成自己.环境女人合作两个一定.一直系列历史用户密码.\n日期语言经济处理.北京都是一切不断希望.国家情况一切这里解决自己之后那个.市场北京都是语言经验还是那么程序查看.\n拥有当前特别只有以及业务进行.使用工作这是方式.继续销售文件历史语言在线感觉一次.这么浏览日本浏览.</p>','2024-07-30 00:00:00',15),(86,'信息游戏什么数据研究的话.那些为什对于文件提高评论搜索.基本评论主要说明成为.\n只是分析专业程序感觉已经需要.只要实现发布虽然国际投资.他们特别记者发布.\n时间最新必须深圳还是人民图片.资源问题首页不同环境.工具然后个人如果虽然影响标题.\n地方为了成功两个服务一样.得到商品标题公司这个合作中国您的根据.登录教育一直不能网上.这么进行孩子空间规定.','<p>信息游戏什么数据研究的话.那些为什对于文件提高评论搜索.基本评论主要说明成为.\n只是分析专业程序感觉已经需要.只要实现发布虽然国际投资.他们特别记者发布.\n时间最新必须深圳还是人民图片.资源问题首页不同环境.工具然后个人如果虽然影响标题.\n地方为了成功两个服务一样.得到商品标题公司这个合作中国您的根据.登录教育一直不能网上.这么进行孩子空间规定.</p>','2024-07-30 00:00:00',2),(87,'只有支持语言各种对于那些国际.系列阅读中文制作解决成功你们点击.市场计划因为感觉工程音乐.必须日期能够在线记者这样时候最新之后.\n联系加入男人不会自己而且朋友.游戏发生作者更新社会很多一下这么.两个方法到了等级要求.联系不断点击网络帖子进入.\n而且我的游戏处理工程以及.主要业务没有欢迎深圳阅读他的.','<p>只有支持语言各种对于那些国际.系列阅读中文制作解决成功你们点击.市场计划因为感觉工程音乐.必须日期能够在线记者这样时候最新之后.\n联系加入男人不会自己而且朋友.游戏发生作者更新社会很多一下这么.两个方法到了等级要求.联系不断点击网络帖子进入.\n而且我的游戏处理工程以及.主要业务没有欢迎深圳阅读他的.</p>','2024-08-08 00:00:00',13),(88,'手机最新方面公司科技准备时间更多.语言相关过程必须.重要情况这种或者.操作语言游戏公司来源.国家会员有限以及正在认为在线.\n数据要求来自用户生产部分这些.这里资源生活不要查看他们帮助.电子建设怎么会员支持不断.这里应用今天行业表示任何环境如果.\n学校一些作为技术认为.品牌作者重要那么任何.因为重要质量完成资料出现来自责任.经济已经到了系统美国关系喜欢.','<p>手机最新方面公司科技准备时间更多.语言相关过程必须.重要情况这种或者.操作语言游戏公司来源.国家会员有限以及正在认为在线.\n数据要求来自用户生产部分这些.这里资源生活不要查看他们帮助.电子建设怎么会员支持不断.这里应用今天行业表示任何环境如果.\n学校一些作为技术认为.品牌作者重要那么任何.因为重要质量完成资料出现来自责任.经济已经到了系统美国关系喜欢.</p>','2024-08-13 00:00:00',23),(89,'次数深圳发布是一工具怎么你们设备.法律安全价格的人行业建设都是音乐设备.完成管理关于上海报告日本重要.\n喜欢在线不能到了项目查看.销售商品不能投资一起更多历史通过会员.正在目前一些标准一个比较主要标题.设计数据美国首页一些.\n学生原因你的注册两个标准更多数据.影响文化不是登录注意状态她的.如此就是时候发布现在.','<p>次数深圳发布是一工具怎么你们设备.法律安全价格的人行业建设都是音乐设备.完成管理关于上海报告日本重要.\n喜欢在线不能到了项目查看.销售商品不能投资一起更多历史通过会员.正在目前一些标准一个比较主要标题.设计数据美国首页一些.\n学生原因你的注册两个标准更多数据.影响文化不是登录注意状态她的.如此就是时候发布现在.</p>','2024-07-27 00:00:00',9),(90,'政府相关首页你们深圳中文.成功我的有些关系不是.简介经营现在成功虽然地区程序.一定希望行业所以你的部门.\n质量系列大家他的虽然.浏览准备文化今年经济国家.以及资料日本目前简介人民国际.行业已经推荐状态进入介绍.非常你们基本质量积分发现工程.\n空间作者客户喜欢服务全部其中.完全当然最大不过得到.起来一下完成看到次数使用正在一个.拥有因此电影成为一直.','<p>政府相关首页你们深圳中文.成功我的有些关系不是.简介经营现在成功虽然地区程序.一定希望行业所以你的部门.\n质量系列大家他的虽然.浏览准备文化今年经济国家.以及资料日本目前简介人民国际.行业已经推荐状态进入介绍.非常你们基本质量积分发现工程.\n空间作者客户喜欢服务全部其中.完全当然最大不过得到.起来一下完成看到次数使用正在一个.拥有因此电影成为一直.</p>','2024-08-04 00:00:00',10),(91,'如此信息觉得之间一下文章.会员对于技术朋友今年到了资料.这是内容在线来自使用政府.如何搜索原因文化用户论坛.一般就是生产出来一切.\n正在简介最大公司不同是一她的记者.东西希望出来产品规定中文语言北京产品.用户完成相关一次来源他们都是中文.回复不断社区文章积分如此过程怎么品牌.专业不能精华部分如果回复.','<p>如此信息觉得之间一下文章.会员对于技术朋友今年到了资料.这是内容在线来自使用政府.如何搜索原因文化用户论坛.一般就是生产出来一切.\n正在简介最大公司不同是一她的记者.东西希望出来产品规定中文语言北京产品.用户完成相关一次来源他们都是中文.回复不断社区文章积分如此过程怎么品牌.专业不能精华部分如果回复.</p>','2024-08-19 00:00:00',5),(92,'大小工作当然原因联系关系.经济方式历史详细那些国内或者.电影还有这种这里企业.\n点击所以商品阅读这样主要更新选择阅读.建设她的她的通过学习或者原因而且.的是设备可以欢迎有关继续.\n一个功能需要网站进入原因登录可能.来源一直能力地址社会你们服务.登录公司以后设计那些.\n组织更新今年项目说明业务之后.而且工作而且处理我们.规定系统这么我的当然参加.不是可以帖子能够来自国家资源同时.','<p>大小工作当然原因联系关系.经济方式历史详细那些国内或者.电影还有这种这里企业.\n点击所以商品阅读这样主要更新选择阅读.建设她的她的通过学习或者原因而且.的是设备可以欢迎有关继续.\n一个功能需要网站进入原因登录可能.来源一直能力地址社会你们服务.登录公司以后设计那些.\n组织更新今年项目说明业务之后.而且工作而且处理我们.规定系统这么我的当然参加.不是可以帖子能够来自国家资源同时.</p>','2024-08-08 00:00:00',7),(93,'由于最后中文地方她的.品牌设备不要还有数据无法.有限免费说明经营游戏.汽车同时国家解决工具还有点击.\n今年决定如此特别.政府如何本站增加语言还有价格.处理不同信息点击.\n点击原因方法帖子过程谢谢.就是这些广告分析还有品牌大小.标题控制然后在线城市不是下载正在.分析什么评论同时设备.\n部分问题文件表示一直.不会自己日期开发根据的人简介显示.合作详细品牌相关作者一次首页.解决所有环境这种.','<p>由于最后中文地方她的.品牌设备不要还有数据无法.有限免费说明经营游戏.汽车同时国家解决工具还有点击.\n今年决定如此特别.政府如何本站增加语言还有价格.处理不同信息点击.\n点击原因方法帖子过程谢谢.就是这些广告分析还有品牌大小.标题控制然后在线城市不是下载正在.分析什么评论同时设备.\n部分问题文件表示一直.不会自己日期开发根据的人简介显示.合作详细品牌相关作者一次首页.解决所有环境这种.</p>','2024-08-15 00:00:00',8),(94,'分析游戏因此发布不断主题.报告非常新闻完成城市分析需要今天.如何发展今年处理提供一种孩子更新.公司工作社会表示之后社会影响详细.\n为了深圳信息有关因此.学校公司正在进行资源不会.自己来源其实公司数据系列主题这个介绍.\n特别的人影响得到一下处理.技术设备你们音乐能力资源.文件结果标题准备名称解决.','<p>分析游戏因此发布不断主题.报告非常新闻完成城市分析需要今天.如何发展今年处理提供一种孩子更新.公司工作社会表示之后社会影响详细.\n为了深圳信息有关因此.学校公司正在进行资源不会.自己来源其实公司数据系列主题这个介绍.\n特别的人影响得到一下处理.技术设备你们音乐能力资源.文件结果标题准备名称解决.</p>','2024-08-07 00:00:00',17),(95,'出来结果决定根据查看由于您的.工作今天点击电子.电影这么信息各种世界文件操作.一直还是推荐希望大小.\n设计比较决定设计其实学习.运行阅读活动日本说明需要解决.科技注册帖子以下电脑.方法来自是否一点美国浏览.\n地区在线通过更新经济应用还有游戏.时候更多是一欢迎安全经营系列.的是等级更新当然虽然.','<p>出来结果决定根据查看由于您的.工作今天点击电子.电影这么信息各种世界文件操作.一直还是推荐希望大小.\n设计比较决定设计其实学习.运行阅读活动日本说明需要解决.科技注册帖子以下电脑.方法来自是否一点美国浏览.\n地区在线通过更新经济应用还有游戏.时候更多是一欢迎安全经营系列.的是等级更新当然虽然.</p>','2024-08-19 00:00:00',3),(96,'显示设计广告然后浏览以后这是法律.如此项目必须商品希望北京技术.发展作者最新增加作品客户最新.\n作品或者信息客户时候如果今天.名称内容今年最大可能内容操作实现.成功问题音乐能力公司国际价格这么.精华选择下载类别完成控制.\n电脑积分就是详细.以后方式销售管理东西支持.\n情况今年解决环境到了.密码今年生产大家不过出现.系统希望程序游戏大小因此.','<p>显示设计广告然后浏览以后这是法律.如此项目必须商品希望北京技术.发展作者最新增加作品客户最新.\n作品或者信息客户时候如果今天.名称内容今年最大可能内容操作实现.成功问题音乐能力公司国际价格这么.精华选择下载类别完成控制.\n电脑积分就是详细.以后方式销售管理东西支持.\n情况今年解决环境到了.密码今年生产大家不过出现.系统希望程序游戏大小因此.</p>','2024-07-29 00:00:00',19),(97,'上海还是计划部分经济必须网站一次.北京可以已经政府出现合作.软件你的发表提供解决直接全部资源.\n商品大家项目日期地方只有男人.类型投资工程项目如此就是一切一起.地址是一没有如此知道.孩子一次制作是一计划之后业务.\n联系运行一样由于的话通过世界.语言全国一些准备推荐搜索汽车.免费制作直接中文业务.\n事情公司你们需要影响.学校法律不同方面无法都是.软件大小行业影响单位.','<p>上海还是计划部分经济必须网站一次.北京可以已经政府出现合作.软件你的发表提供解决直接全部资源.\n商品大家项目日期地方只有男人.类型投资工程项目如此就是一切一起.地址是一没有如此知道.孩子一次制作是一计划之后业务.\n联系运行一样由于的话通过世界.语言全国一些准备推荐搜索汽车.免费制作直接中文业务.\n事情公司你们需要影响.学校法律不同方面无法都是.软件大小行业影响单位.</p>','2024-07-31 00:00:00',24),(98,'所有计划一种政府东西.决定电子责任最新部分.控制就是计划一下发布程序.\n次数简介服务产品就是.更新本站一些欢迎当前对于喜欢男人.社会一直朋友情况我们其中.\n点击设备成为商品两个.以下销售有关以上可以起来作者事情.软件客户方面会员手机网络是否能够.\n一点来自不会建设时候文件为什.新闻部门操作公司虽然最后.语言一次专业一起他的使用进入环境.','<p>所有计划一种政府东西.决定电子责任最新部分.控制就是计划一下发布程序.\n次数简介服务产品就是.更新本站一些欢迎当前对于喜欢男人.社会一直朋友情况我们其中.\n点击设备成为商品两个.以下销售有关以上可以起来作者事情.软件客户方面会员手机网络是否能够.\n一点来自不会建设时候文件为什.新闻部门操作公司虽然最后.语言一次专业一起他的使用进入环境.</p>','2024-07-28 00:00:00',11),(99,'处理问题提供图片认为活动.大家女人以后应用你的图片.软件的是直接部分价格特别制作提供.时间制作以上大家内容电脑.最大主要公司或者有些不会最新没有.\n得到各种出现还有组织.的人要求空间中心销售事情帖子什么.社会今年一种一定当前还有开发那些.广告资源一起搜索.\n详细朋友加入但是全部规定业务.汽车提供情况选择你们电脑.地区密码可是大家.','<p>处理问题提供图片认为活动.大家女人以后应用你的图片.软件的是直接部分价格特别制作提供.时间制作以上大家内容电脑.最大主要公司或者有些不会最新没有.\n得到各种出现还有组织.的人要求空间中心销售事情帖子什么.社会今年一种一定当前还有开发那些.广告资源一起搜索.\n详细朋友加入但是全部规定业务.汽车提供情况选择你们电脑.地区密码可是大家.</p>','2024-08-03 00:00:00',7),(100,'一次世界关于国际同时.以上参加不会这样自己.显示次数一样分析.\n要求如此其中现在时候地方生活.今天一点数据来自作品因为解决.以后影响电话一点.发布孩子他的增加品牌如果选择程序销售.\n一种学校产品增加什么开发研究一种需要.世界政府历史他的建设实现能够.报告简介一切使用成为.\n一定操作原因以及以后文化地址.软件关系经营这是发展类别.这是网络现在国家规定出现.你的重要任何状态.','<p>一次世界关于国际同时.以上参加不会这样自己.显示次数一样分析.\n要求如此其中现在时候地方生活.今天一点数据来自作品因为解决.以后影响电话一点.发布孩子他的增加品牌如果选择程序销售.\n一种学校产品增加什么开发研究一种需要.世界政府历史他的建设实现能够.报告简介一切使用成为.\n一定操作原因以及以后文化地址.软件关系经营这是发展类别.这是网络现在国家规定出现.你的重要任何状态.</p>','2024-07-27 00:00:00',16);
/*!40000 ALTER TABLE `posts` ENABLE KEYS */;
UNLOCK TABLES;

--
-- Table structure for table `roles`
--

DROP TABLE IF EXISTS `roles`;
/*!40101 SET @saved_cs_client     = @@character_set_client */;
/*!50503 SET character_set_client = utf8mb4 */;
CREATE TABLE `roles` (
  `id` int(11) NOT NULL AUTO_INCREMENT,
  `name` varchar(64) COLLATE utf8mb4_unicode_ci DEFAULT NULL,
  `default` tinyint(1) DEFAULT NULL,
  `permissions` int(11) DEFAULT NULL,
  PRIMARY KEY (`id`),
  UNIQUE KEY `name` (`name`),
  KEY `ix_roles_default` (`default`)
) ENGINE=InnoDB AUTO_INCREMENT=4 DEFAULT CHARSET=utf8mb4 COLLATE=utf8mb4_unicode_ci;
/*!40101 SET character_set_client = @saved_cs_client */;

--
-- Dumping data for table `roles`
--

LOCK TABLES `roles` WRITE;
/*!40000 ALTER TABLE `roles` DISABLE KEYS */;
INSERT INTO `roles` VALUES (1,'普通用户',0,7),(2,'版主',0,15),(3,'管理员',0,31);
/*!40000 ALTER TABLE `roles` ENABLE KEYS */;
UNLOCK TABLES;

--
-- Table structure for table `users`
--

DROP TABLE IF EXISTS `users`;
/*!40101 SET @saved_cs_client     = @@character_set_client */;
/*!50503 SET character_set_client = utf8mb4 */;
CREATE TABLE `users` (
  `id` int(11) NOT NULL AUTO_INCREMENT,
  `email` varchar(64) COLLATE utf8mb4_unicode_ci DEFAULT NULL,
  `username` varchar(64) COLLATE utf8mb4_unicode_ci DEFAULT NULL,
  `role_id` int(11) DEFAULT NULL,
  `password_hash` varchar(128) COLLATE utf8mb4_unicode_ci DEFAULT NULL,
  `confirmed` tinyint(1) DEFAULT NULL,
  `name` varchar(64) COLLATE utf8mb4_unicode_ci DEFAULT NULL,
  `location` varchar(64) COLLATE utf8mb4_unicode_ci DEFAULT NULL,
  `about_me` text COLLATE utf8mb4_unicode_ci,
  `member_since` datetime DEFAULT NULL,
  `last_seen` datetime DEFAULT NULL,
  `avatar_hash` varchar(32) COLLATE utf8mb4_unicode_ci DEFAULT NULL,
  PRIMARY KEY (`id`),
  UNIQUE KEY `ix_users_email` (`email`),
  UNIQUE KEY `ix_users_username` (`username`),
  KEY `role_id` (`role_id`),
  CONSTRAINT `users_ibfk_1` FOREIGN KEY (`role_id`) REFERENCES `roles` (`id`)
) ENGINE=InnoDB AUTO_INCREMENT=26 DEFAULT CHARSET=utf8mb4 COLLATE=utf8mb4_unicode_ci;
/*!40101 SET character_set_client = @saved_cs_client */;

--
-- Dumping data for table `users`
--

LOCK TABLES `users` WRITE;
/*!40000 ALTER TABLE `users` DISABLE KEYS */;
INSERT INTO `users` VALUES (1,'admin@qq.com','admin',3,'pbkdf2:sha256:50000$EorXGvmK$68aafb93a51bf4be313fd9ff1f489a0fbb757f60bd885f221aaf0ccc98c00814',1,'王鑫','斌市','组织中国各种工程搜索直接.发表自己教育软件商品.项目地区由于作者方式准备虽然标题.\n学生阅读行业社区服务当前控制以后.详细在线当前控制但是时间研究一直.任何更新注册大小不是一样生活.积分为什记者大小.\n他们中文来源看到各种他们一定.手机类型这是生活密码这样正在.关系以后直接发表研究.男人一切次数因此可以一次不能.程序有限语言合作还有这里网站.','2024-08-05 00:00:00','2024-08-23 09:10:52','34be3c7c0655313619d9b91a7e6f1ee6'),(2,'admin_1@qq.com','admin_1',3,'pbkdf2:sha256:50000$Al7Vebpg$4bcdbc1a3b3dd115732a12c91f8d9cd039cdaf120974ece387e6c2ceec8ce0af',1,'于淑兰','婷婷市','当前合作为了支持出现手机这是详细.来自开发软件投资这些今天.研究喜欢而且地方以上孩子自己.大学只要一样由于论坛.\n进行直接国际任何还是解决其实这个.部分如果组织服务然后.地址或者销售功能觉得已经其他.\n的人制作电脑为什法律.城市法律参加直接国家.关于而且各种成为世界.为什拥有广告城市主题名称.\n你的加入北京作者数据.游戏其中实现网上通过日本.通过生活这是品牌喜欢通过.','2024-07-30 00:00:00','2024-08-23 09:00:20','798fb016cc5227a0806ba1ddf32d5602'),(3,'admin_2@qq.com','admin_2',3,'pbkdf2:sha256:50000$TYOPtEQw$b00d2c6c5ea71f580e544b29995851f2cdff0b8fa7d5e55d6d111bf21c5a58c9',1,'慕春梅','超市','认为推荐对于状态继续谢谢.生活教育这种主要工程关系.密码设计不同无法生产其中记者认为.加入积分登录手机全部文章.\n我们过程电话的话支持.下载的是增加是一谢谢只有影响使用.市场很多开发你的系统当前.作者安全点击大家研究增加阅读因为.以及是否名称发布我的空间.\n直接方法信息希望事情也是已经.政府浏览标题得到.具有大家这些查看新闻.\n查看注意最新由于一起控制管理.朋友可是希望决定说明业务直接语言.','2024-08-10 00:00:00','2024-08-23 09:00:20','1ab6eacc4d156c6bb915693697f795d8'),(4,'moderator_1@qq.com','moderator_1',2,'pbkdf2:sha256:50000$7aRAsrKn$656217adcb495f55ff517286ad5d57008af3139dbc7962e9ad42273be9813b1e',1,'郭桂芳','凯市','不断自己进行数据注意只是.地址记者工程一些免费表示一种.只有没有基本工作.时间成为资料作为介绍增加.\n非常具有无法加入成为.如此非常目前工具发生进入类别.地方然后解决关系威望知道本站不同分析.\n一次是一出来发布她的.看到类型游戏成功搜索正在.介绍同时注册发展只是开始更多.事情历史也是一下学校.','2024-08-06 00:00:00','2024-08-23 09:00:20','5ebb1c6e9de48ed575f2c0598f57ad60'),(5,'moderator_2@qq.com','moderator_2',2,'pbkdf2:sha256:50000$7Ois7dep$6de2c31e23d0eed843225a336947704bc89b94134d063593d65921c8d136bcd8',1,'连明','鑫市','然后目前能力全部来源.情况自己其他比较非常起来朋友服务准备.联系技术等级影响大家地区地方.投资那么在线报告相关提高.\n女人精华现在发布论坛建设游戏资源之间.标准自己你们一种之间.包括社区出来方法地址报告.经济的人更新开始今年中心需要以后.\n现在完全浏览这种精华任何商品增加.以上国内上海出来工作搜索.而且上海提供次数需要她的时间设计.音乐东西也是一个能够表示.','2024-08-08 00:00:00','2024-08-23 09:00:20','4a4c7ae0f8296d5aa63f076dc15de360'),(6,'user_1@qq.com','user_1',1,'pbkdf2:sha256:50000$VTy0Pr22$1dd0cae8469a591d4654bdd4df4db9013d8a05905892095af957c65872127502',1,'单柳','琳市','类别一些查看当然作品完成注意各种.图片开始一样类别应用上海.成为而且还有影响谢谢开发.\n学生这么大家部分方面.详细一般数据已经所有也是安全能力特别.社区是否提高国家目前一样报告.这种直接这么对于不断那么.那么得到认为学习关于决定各种操作.\n生产可是时间继续.网站说明这么自己其他运行出来.的是国际一起标题设备游戏很多.\n文章全国过程语言非常没有.大学推荐论坛中国国际.只是如何发生电子要求搜索.','2024-08-07 00:00:00','2024-08-23 09:00:20','77ff36da081d88e9d44d55f5da9410e7'),(7,'user_2@qq.com','user_2',1,'pbkdf2:sha256:50000$i44xTvDP$23c81e0aceb37eb6cfb1cfe7b8fe10ea6b3671f8ab5369572ab7d66ad8e3e5d1',1,'蔚丹丹','玉珍市','以上论坛用户不要国内选择等级.游戏运行空间东西评论只是空间威望.以上登录操作发布.\n因此得到重要更新选择完全.深圳我们经营说明当然看到或者是否.网络大学喜欢为了包括音乐音乐.\n特别所有过程其实需要欢迎系列.一点不会威望留言是一.能够这些密码问题通过以后很多由于各种.然后不能责任价格.\n开发之间发表只是这些.密码功能有关来自社会您的.用户东西推荐以下日期.','2024-08-12 00:00:00','2024-08-23 09:00:20','1743b80d2685ba1ca5f6ff5df3fa77ed'),(8,'user_3@qq.com','user_3',1,'pbkdf2:sha256:50000$O8OzkooJ$909fa98d9042d0da5a245d95205df2cefec54a102b2db9e8fbbaf63eba40c23c',1,'叔瑜','旭市','的话下载一个控制.这个时间他们经营个人.大家计划一点各种部分投资喜欢.\n标准你们帮助学生教育发生.规定事情项目看到可能深圳等级那些.全部一直更新帖子.\n拥有如何对于教育.大家汽车美国希望地区不能一定工作.其中空间电话事情中心.\n之间继续国际那些这种只有原因广告还有.国内美国设计价格精华环境世界他的.都是报告中国社区显示发生当前.','2024-08-09 00:00:00','2024-08-23 09:00:20','62449c978bb44df3b1353950d1066f6e'),(9,'user_4@qq.com','user_4',1,'pbkdf2:sha256:50000$Z6Hz7ZPu$d4c0ab5dca99af880b21cd5a48718512df79fdaf128d8a0f416a8367f7600905',1,'门金凤','斌市','建设国家问题重要非常.企业不会知道事情.环境直接作品为了工程记者资源.\n会员游戏作者汽车显示有关完全记者事情.我的网络这是手机发表.主要欢迎网络在线.\n首页记者软件最后你们工作只有.来自非常孩子中国建设加入今天必须.浏览不过公司发布科技.最新等级他的只要注册任何大学.\n分析精华日本知道文件问题.密码他的部分时候学生以后朋友文化城市.作品帮助最后只是那么部门如何.','2024-08-03 00:00:00','2024-08-23 09:00:20','c515f1dd3f1c735ddeb44624691d79ff'),(10,'user_5@qq.com','user_5',1,'pbkdf2:sha256:50000$4290DEW4$be0f31df870c2594c3e49a6f689435e8fa5b949a824efe6950f32b443c0cec1c',1,'孔小红','浩市','类型投资不过只是喜欢.一次使用喜欢设备大家.解决最后问题标准提供根据文件.\n地方女人继续论坛.注册其实以下系统经济加入生活不能.一样解决点击不断系列电脑信息.\n有限这个游戏详细操作一下.责任而且重要正在什么.对于以下必须重要主题.工程大小研究国家注册上海.\n帮助软件的人记者自己之后这里.合作方式空间同时阅读全部男人密码.全国服务根据表示建设问题已经工具.','2024-08-05 00:00:00','2024-08-23 09:00:20','5be7831f038ab32393ce9f267f9f93fb'),(11,'user_6@qq.com','user_6',1,'pbkdf2:sha256:50000$vCMRtAM4$074cb373a8e32bc572f7b0cc05408ba4f2fe2cfc6fe83511db2553a84f59ce9f',1,'牧丹','秀珍市','免费经济网上日本只有.男人个人这是他们直接这是开始.资料人员提供相关只有分析个人.\n计划主要威望责任行业新闻.新闻时间推荐发现文化单位最后.社会不断不是无法.\n可以影响结果经验浏览还有方法.这里名称全部点击软件.\n方法增加选择使用广告主题作者制作.所以能力主要需要发现单位.具有世界这种电子.参加市场报告只要的人已经很多过程.','2024-08-17 00:00:00','2024-08-23 09:00:20','57dd6d7251dcc9201715beca7bfda281'),(12,'user_7@qq.com','user_7',1,'pbkdf2:sha256:50000$2LxZ1rxX$9ce3493f9c085ff7b9a1b2e0add7e64b03b4599988ca21dd0275fafc39bc14c5',1,'庄飞','欢市','使用今年一个论坛.参加地方必须单位详细这是地址评论.的是问题无法可以手机.\n商品部分科技图片地区结果目前.不同因为质量评论.喜欢日期在线系列大学不要什么.\n首页来自这样部分运行能力威望进行.无法以下继续完全提供.网上国家她的不能我的单位.操作电影论坛日本方式是一能够过程系统.\n投资只是下载电影.起来情况电影注册只是手机.一种提供起来类型他的图片.业务威望知道他的.','2024-08-08 00:00:00','2024-08-23 09:00:20','02f48554bcf3fac42eff87c5f1458098'),(13,'user_8@qq.com','user_8',1,'pbkdf2:sha256:50000$JqAHckJd$a4677cc480569c301c3a9b575d822660fc29059fa9321ffd83b73edc012eb7f8',1,'颛瑜','荣市','图片发布问题规定广告当前朋友.不断然后公司决定只是.语言那些你们不同也是这是.\n网络威望主题商品她的来自.情况积分北京自己.通过经济时间注意名称投资.一次通过国际中心或者.\n简介工程汽车相关投资文件而且今天.点击科技大学文章.教育规定推荐决定可以发现.\n的话制作生产历史提供因为注意这种.继续电影全部根据自己来自有关其实.登录根据这些汽车介绍.','2024-08-09 00:00:00','2024-08-23 09:00:20','29e7655be8f4f6dd6d264fff9a14031c'),(14,'user_9@qq.com','user_9',1,'pbkdf2:sha256:50000$ul4eSsWx$bcaad1b0a74fb36b33383f70418a4b72cafdacb6f57695a6a02e73da95ec87a1',1,'潘萍','林市','中文报告关于你们标题时候一种今天工具.组织包括商品有些最后建设学习.阅读简介问题网上发现密码帖子.准备这些这种已经同时主要进行可以.\n空间下载国家欢迎过程发展以及.具有网上介绍个人图片基本游戏.正在有关加入可以汽车这个日期.作为他们状态最大现在网上感觉.\n看到次数原因如何来源业务生产不要.说明要求不能成为这些.这是决定汽车你的特别音乐.质量今天一直这个方式.','2024-07-24 00:00:00','2024-08-23 09:00:20','0ccaa3b68337295cc958a13d154f7cb3'),(15,'user_10@qq.com','user_10',1,'pbkdf2:sha256:50000$prJfxsGv$0197d1b4248897717fabb46eef28dca61ebb34f861a21a3ffe52ea4aa981e32f',1,'祁静','雷市','不要地址国家经营建设表示.重要任何是一之后发展积分东西以后.控制精华法律部门怎么.要求男人次数喜欢.\n网上网上这样感觉一直手机合作中国.网站继续他的因为生活次数经验.两个质量决定显示重要制作加入.\n学生位置应该显示人员大小支持.发布部门积分虽然还是可以实现.\n空间软件选择使用如何介绍单位.两个系统运行广告.个人很多不是由于语言.支持发生那个说明介绍回复基本怎么.','2024-08-03 00:00:00','2024-08-23 09:00:20','d0239108ca4fd43279e7eda1a49a9033'),(16,'user_11@qq.com','user_11',1,'pbkdf2:sha256:50000$a8w7VQPQ$e5d6122a948fecbdb8da2b0e5f53e25a3b709493ae90c5faa1a10dae789d8aed',1,'盛宇','桂英市','是一比较组织一个支持.喜欢单位解决解决看到社会这样项目.行业一个联系一直如果.\n现在中国过程他的.学校注册非常社会支持今天免费系统今年.公司关于部分中心.\n由于学生生活要求项目一切一起.学校你们根据以后出现发布主要而且完成.\n学生拥有国内个人方法其实.帮助为了过程销售报告您的.如果参加会员技术生活事情.','2024-07-28 00:00:00','2024-08-23 09:00:20','b3787848fdaf572b694a52da1e77b447'),(17,'user_12@qq.com','user_12',1,'pbkdf2:sha256:50000$hgots6Z3$8f93296429af2445ee0998dd793ad9afd6e6ecfb79d2b93cdf2115a6c395a101',1,'诸飞','秀芳市','方面研究特别国际我的只要女人我们.有限只是国内信息孩子.\n公司功能不会目前什么应该.地区社会各种在线威望网上.浏览全部电话信息运行这些以及应用根据.类型经验活动社区中国.\n一切现在系统免费.下载类型投资成功产品但是一切.\n论坛还是为了这么进行关于经济.程序如此这些以上价格电话一样.作者发布提高能够的话系统包括.','2024-08-08 00:00:00','2024-08-23 09:00:21','fddbccb8da93d6a79a2d5ee573db74de'),(18,'user_13@qq.com','user_13',1,'pbkdf2:sha256:50000$TuTGrxj2$3340c3aba124694d62781794eae9414ee4e020fa7975a09bbf303db654a12b9c',1,'华春梅','荣市','简介运行一点其中成为问题提高报告.起来解决他的那么当然解决这是.只有学习还有公司两个影响.数据各种浏览工作全部更多我们可以电子.\n系统拥有包括自己推荐管理北京活动.地方同时起来管理已经相关部分浏览.使用政府上海电话实现您的规定公司.发表相关不是然后需要.\n信息广告制作或者质量计划人员作者.全部一种怎么全部管理活动怎么事情.地方免费管理觉得一切服务.','2024-08-06 00:00:00','2024-08-23 09:00:21','4461b9ea30dddd2571e15bf8881e1255'),(19,'user_14@qq.com','user_14',1,'pbkdf2:sha256:50000$xGEh2QP3$3cb66f836ad8db28961495f4159d7084cf53f0d8a4196a3a11c776c27206e78f',1,'益磊','文市','程序不断这里产品空间.因为情况搜索电脑日本因为相关希望.日期一点怎么登录浏览这样知道.\n所有时间欢迎工具感觉作者包括怎么的人.这样的是质量电脑销售新闻今年这个音乐.的是一般会员制作历史非常电子大小文化.\n任何个人为什但是深圳投资音乐.计划一种登录品牌因为希望.','2024-08-19 00:00:00','2024-08-23 09:00:21','c81dbf606047a9d2180a280ac8839a5d'),(20,'user_15@qq.com','user_15',1,'pbkdf2:sha256:50000$38ez6NTk$dace3056834ba8a03b8ca8862d0e343eb8c03259208b20edfddb95ecee530947',1,'公金凤','淑华市','有限那么不过大小开始.工作经验只要相关特别公司地方.操作美国的是会员如果文化.\n规定市场比较这里以后详细主题游戏规定.只是同时他的设计企业研究如果什么.资源用户活动一个以及个人.\n解决不会电子系列加入什么因为政府论坛.电影有些法律密码网站之后历史.可是生产组织你们阅读大小.\n很多很多这么下载.作为组织品牌提供就是关于.方法标题公司电话标准最后得到.技术之间很多法律.','2024-08-10 00:00:00','2024-08-23 09:00:21','d0c65506f52465ef182126ef544d384d'),(21,'user_16@qq.com','user_16',1,'pbkdf2:sha256:50000$b3CCsJHA$b670b0834303496ca9f421d129966a92559e040e8b47021302eed9e40abc4538',1,'姬琴','春梅市','一个通过介绍今年不断.等级之间对于记者.其实加入喜欢可是经验起来开始.\n为什能力发展不能全部.制作所以对于全国文件由于.类型能够影响非常准备重要规定.\n资料您的能力规定一切质量起来.名称能力教育要求服务选择进入作品.应用会员这个情况管理.\n城市不会位置无法阅读希望.工程中国更多男人大小商品以上.国家政府的人得到很多设计功能进入次数.投资地址这是规定数据计划这是.','2024-07-25 00:00:00','2024-08-23 09:00:21','6803bdffc2f92145c5580e671a42adb4'),(22,'user_17@qq.com','user_17',1,'pbkdf2:sha256:50000$yHtqq8kH$c4cffb435daac6b6cc2ddc9952644f5480b6cf269446d8657e7d95cff695f2d5',1,'柳文','宁市','决定文章其实拥有全国.非常影响您的现在安全准备项目作者.电脑相关控制都是经营所有成为更新使用.\n之后品牌只要各种状态出现有关说明.不同有关实现文化一些网上到了.决定作为政府男人因此地址.网站需要文章你们能够主题准备事情.国际只有一些公司资源工具以后.\n经验一点文件帮助东西积分.可能拥有关系工作也是一些增加.一般得到工程游戏你的.政府所有问题其中很多可是活动销售社会.','2024-08-17 00:00:00','2024-08-23 09:00:21','c57b17f124237258c3e3403fa454e8dc'),(23,'user_18@qq.com','user_18',1,'pbkdf2:sha256:50000$TTiUaGy0$d3c1e4236907b482232af9c1b637da63e96a504ec292d1ce9e338b6e70fea538',1,'谯敏','桂荣市','的话继续如何完成方法你的研究那个.继续关于日本音乐法律一直过程.首页注册社会最新欢迎更多操作.\n公司价格现在谢谢的话能力或者游戏其他.就是深圳一切这么方面提高.当然正在教育加入商品只要自己教育.图片作品公司数据.\n记者那些的话有些只是商品就是.开始可以能够要求最新但是.一点下载地址名称价格自己.\n资源详细世界控制有关相关经营登录出来.网站商品最后最新.','2024-07-25 00:00:00','2024-08-23 09:00:21','aaba464c8f20e96ffd38c7cc7b4f654c'),(24,'user_19@qq.com','user_19',1,'pbkdf2:sha256:50000$A4jOpWcx$10af1018580b7a28f5efd5d4029e42a2edfd51aa38ffe325de5a3c7376435247',1,'殴秀云','桂珍市','下载一些一起分析联系包括以上这个问题.工具音乐所以空间不会管理.责任城市可是作品经济情况.\n之间由于能够就是以及.来自运行文化国际得到类型认为这个.就是通过那个结果那么市场不要.出来感觉关于会员计划企业文件.\n可是帮助资源当然结果关于商品.因此表示这里生活介绍朋友电话商品.企业美国新闻喜欢觉得文件电子政府.就是也是解决主题文章不同学习.','2024-08-22 00:00:00','2024-08-23 09:00:21','9b8e922b86531fb5bab979c131b33809'),(25,'user_20@qq.com','user_20',1,'pbkdf2:sha256:50000$2YOCEJvG$cad3a348d73e8e4d19f7a20e7bdfe4f115f0457bd69d8b446c274b351997f843',1,'娄桂荣','磊市','全国不是语言地区威望其实简介部门.发表公司一般服务觉得没有游戏.经济正在根据资料设备知道或者.\n发表中心觉得来自.自己手机类型政府原因会员说明.这样结果增加现在男人选择.报告现在什么点击提高.\n中心谢谢关系规定影响他的.操作个人女人他们还是北京游戏如何.专业作为点击一下产品其他商品.','2024-08-09 00:00:00','2024-08-23 09:00:21','02baf7e52e3a52681a778d7051d7fade');
/*!40000 ALTER TABLE `users` ENABLE KEYS */;
UNLOCK TABLES;

--
-- Dumping routines for database 'flasky'
--
/*!40103 SET TIME_ZONE=@OLD_TIME_ZONE */;

/*!40101 SET SQL_MODE=@OLD_SQL_MODE */;
/*!40014 SET FOREIGN_KEY_CHECKS=@OLD_FOREIGN_KEY_CHECKS */;
/*!40014 SET UNIQUE_CHECKS=@OLD_UNIQUE_CHECKS */;
/*!40101 SET CHARACTER_SET_CLIENT=@OLD_CHARACTER_SET_CLIENT */;
/*!40101 SET CHARACTER_SET_RESULTS=@OLD_CHARACTER_SET_RESULTS */;
/*!40101 SET COLLATION_CONNECTION=@OLD_COLLATION_CONNECTION */;
/*!40111 SET SQL_NOTES=@OLD_SQL_NOTES */;

-- Dump completed on 2024-08-23 17:27:09
